Edge_Density,Avg_Colors,MeanBlobSize,MaxBlobSize,Target,Category
0.1744,133.49183162035274,5.027777777777778,13.88888888888889,0,Infected
0.1696,132.62103959216734,5.833333333333334,13.88888888888889,0,Infected
0.168,113.76902522764593,4.866666666666667,13.88888888888889,0,Infected
0.184,121.01662245800176,3.1481481481481484,13.88888888888889,0,Infected
0.1696,126.7319324396598,2.611111111111111,7.444444444444445,0,Infected
0.1472,125.9595139494333,1.6444444444444444,7.444444444444445,0,Infected
0.1984,119.85739585090236,1.6444444444444444,7.444444444444445,0,Infected
0.2128,104.80063286648787,2.432098765432099,13.88888888888889,0,Infected
0.1504,113.47487339306583,7.444444444444445,13.88888888888889,0,Infected
0.144,121.79888427763744,1.9206349206349207,7.444444444444445,0,Infected
0.1536,110.35141733549698,3.1481481481481484,13.88888888888889,0,Infected
0.1552,90.06342460970622,5.296296296296297,13.88888888888889,0,Infected
0.1536,128.21914188394507,3.1481481481481484,13.88888888888889,0,Infected
0.1568,131.52266228952664,6.37037037037037,17.11111111111111,0,Infected
0.1904,107.7536066612363,9.055555555555555,17.11111111111111,0,Infected
0.1408,109.46082165528806,5.296296296296297,13.88888888888889,0,Infected
0.1808,110.28069406570576,3.1481481481481484,13.88888888888889,0,Infected
0.2048,122.57821908290876,7.444444444444445,13.88888888888889,0,Infected
0.1712,97.7586683243542,9.055555555555555,17.11111111111111,0,Infected
0.1888,121.9833701001188,12.27777777777778,13.88888888888889,0,Infected
0.1504,122.15254515599344,3.685185185185185,13.88888888888889,0,Infected
0.1472,122.32431952662722,6.370370370370371,10.666666666666668,0,Infected
0.1552,124.0778853177502,1.6444444444444444,7.444444444444445,0,Infected
0.1952,80.74382284382284,5.833333333333334,10.666666666666668,0,Infected
0.1712,89.1508061902447,3.3015873015873014,13.88888888888889,0,Infected
0.1568,123.07769906052673,3.1481481481481484,13.88888888888889,0,Infected
0.1616,126.99908125447692,5.027777777777778,13.88888888888889,0,Infected
0.1536,122.3575669944091,4.222222222222222,13.88888888888889,0,Infected
0.1584,119.22813823857302,4.222222222222222,17.11111111111111,0,Infected
0.1472,119.68757713232866,13.88888888888889,13.88888888888889,0,Infected
0.1616,78.99749069721896,2.2888888888888888,7.444444444444445,0,Infected
0.144,124.62458669938984,6.37037037037037,13.88888888888889,0,Infected
0.1568,128.06143511722053,4.222222222222222,13.88888888888889,0,Infected
0.176,112.08927735481804,2.8412698412698414,13.88888888888889,0,Infected
0.16,116.04001768346596,7.444444444444445,13.88888888888889,0,Infected
0.1536,98.80201131363924,9.055555555555555,17.11111111111111,0,Infected
0.152,117.09269776876268,13.88888888888889,13.88888888888889,0,Infected
0.1584,131.70876819671022,1.537037037037037,7.444444444444445,0,Infected
0.144,131.0963491254882,5.833333333333334,13.88888888888889,0,Infected
0.2896,120.6672576523961,1.537037037037037,7.444444444444445,0,Infected
0.1904,123.37695934752136,1.5858585858585856,7.444444444444445,0,Infected
0.1488,100.55998893193136,2.432098765432099,13.88888888888889,0,Infected
0.224,104.51539222766054,3.577777777777778,13.88888888888889,0,Infected
0.1984,94.71865117014548,5.296296296296297,13.88888888888889,0,Infected
0.1712,130.67812377594987,1.9206349206349207,7.444444444444445,0,Infected
0.2048,108.9499971500228,2.432098765432099,13.88888888888889,0,Infected
0.2096,72.86840601790135,1.5858585858585856,4.222222222222222,0,Infected
0.192,115.67694115862906,13.88888888888889,13.88888888888889,0,Infected
0.1664,88.38630996440027,4.222222222222222,13.88888888888889,0,Infected
0.2144,118.17835617307448,3.3015873015873014,13.88888888888889,0,Infected
0.1936,107.9491977184285,3.1481481481481484,13.88888888888889,0,Infected
0.1728,78.38675176815595,5.296296296296297,13.88888888888889,0,Infected
0.2208,97.01002506265664,2.8412698412698414,13.88888888888889,0,Infected
0.2304,112.6360119047619,3.577777777777778,13.88888888888889,0,Infected
0.1552,105.06438591727758,2.9333333333333336,10.666666666666668,0,Infected
0.1888,127.7641236850087,4.222222222222222,13.88888888888889,0,Infected
0.1696,100.98843905031892,9.592592592592592,10.666666666666668,0,Infected
0.216,97.6006728778468,2.611111111111111,7.444444444444445,0,Infected
0.2272,121.5972316658572,3.577777777777778,13.88888888888889,0,Infected
0.144,116.61804556354916,3.1481481481481484,13.88888888888889,0,Infected
0.2256,99.68752915565231,5.027777777777778,13.88888888888889,0,Infected
0.264,118.9846862920012,1.805555555555556,7.444444444444445,0,Infected
0.2112,125.30261094618254,6.37037037037037,13.88888888888889,0,Infected
0.168,123.48491262346684,2.074074074074074,7.444444444444445,0,Infected
0.1808,128.49140271493212,3.577777777777778,13.88888888888889,0,Infected
0.1968,112.68789647635802,9.055555555555555,10.666666666666668,0,Infected
0.2112,99.89206815511164,4.222222222222222,13.88888888888889,0,Infected
0.2112,119.4522711058264,3.685185185185185,13.88888888888889,0,Infected
0.216,103.2935849642746,3.3015873015873014,13.88888888888889,0,Infected
0.2192,115.87918594404054,5.296296296296297,13.88888888888889,0,Infected
0.1504,118.60363913777432,3.577777777777778,13.88888888888889,0,Infected
0.144,129.5433829391443,3.577777777777778,13.88888888888889,0,Infected
0.1568,118.5507829030893,9.055555555555555,17.11111111111111,0,Infected
0.176,124.52648944193062,1.537037037037037,7.444444444444445,0,Infected
0.1664,97.33020336977172,3.577777777777778,10.666666666666668,0,Infected
0.1728,117.18056881084176,3.577777777777778,13.88888888888889,0,Infected
0.208,108.51021253922208,3.577777777777778,13.88888888888889,0,Infected
0.1568,126.9491420859842,6.37037037037037,17.11111111111111,0,Infected
0.2064,130.5265308879657,2.2888888888888888,13.88888888888889,0,Infected
0.176,100.20319341328764,4.222222222222222,13.88888888888889,0,Infected
0.2848,92.97508568795185,3.013888888888889,13.88888888888889,0,Infected
0.1584,127.18842763626937,3.3015873015873014,13.88888888888889,0,Infected
0.2832,76.85259842519685,2.2888888888888888,13.88888888888889,0,Infected
0.1424,130.46485726643598,3.3015873015873014,13.88888888888889,0,Infected
0.216,127.41635338345864,3.3015873015873014,13.88888888888889,0,Infected
0.1584,107.47478162862778,1.805555555555556,7.444444444444445,0,Infected
0.1424,114.60014224751068,4.866666666666666,17.11111111111111,0,Infected
0.2192,125.29438303984014,1.7160493827160497,7.444444444444445,0,Infected
0.1968,120.78791200426276,4.222222222222222,13.88888888888889,0,Infected
0.1712,118.20475987798822,4.222222222222222,13.88888888888889,0,Infected
0.152,117.98671833598304,2.0740740740740744,7.444444444444445,0,Infected
0.208,115.9831952662722,6.37037037037037,13.88888888888889,0,Infected
0.1376,125.56703853955376,1.6444444444444444,7.444444444444445,0,Infected
0.1728,119.77818069376512,4.222222222222222,13.88888888888889,0,Infected
0.1792,121.92599924585218,4.222222222222222,13.88888888888889,0,Infected
0.264,129.39789081885857,4.866666666666667,13.88888888888889,0,Infected
0.1744,117.5363461264089,1.805555555555556,7.444444444444445,0,Infected
0.1536,124.4017063421037,1.6444444444444444,7.444444444444445,0,Infected
0.2096,108.9319540229885,3.577777777777778,13.88888888888889,0,Infected
0.1456,125.80784793308572,2.208333333333333,7.444444444444445,0,Infected
0.1408,126.3275562372188,1.6444444444444444,7.444444444444445,0,Infected
0.1824,124.56769406961112,5.027777777777778,17.11111111111111,0,Infected
0.1616,105.62305314065848,4.222222222222222,13.88888888888889,0,Infected
0.2848,115.92126442867732,3.3015873015873014,17.11111111111111,0,Infected
0.16,124.8831842405786,5.296296296296297,13.88888888888889,0,Infected
0.1952,100.80426306585248,2.8412698412698414,13.88888888888889,0,Infected
0.16,111.08129288551824,9.055555555555555,13.88888888888889,0,Infected
0.2144,117.6798984837639,4.222222222222222,13.88888888888889,0,Infected
0.1856,120.51737451737452,3.3015873015873014,13.88888888888889,0,Infected
0.2208,117.09599379320072,3.3015873015873014,17.11111111111111,0,Infected
0.2112,115.5153962993648,1.805555555555556,7.444444444444445,0,Infected
0.1504,124.38802577482606,4.222222222222222,13.88888888888889,0,Infected
0.2096,112.2031525093726,2.208333333333333,7.444444444444445,0,Infected
0.2096,112.99340220087169,9.055555555555555,17.11111111111111,0,Infected
0.152,124.48712226410105,1.6904761904761902,7.444444444444445,0,Infected
0.1616,122.80447476525822,3.3015873015873014,13.88888888888889,0,Infected
0.1696,119.58624060150376,12.27777777777778,13.88888888888889,0,Infected
0.1504,107.25803767556414,7.444444444444445,13.88888888888889,0,Infected
0.1456,120.53084415584416,3.685185185185185,13.88888888888889,0,Infected
0.1968,120.87172072192315,3.3015873015873014,13.88888888888889,0,Infected
0.2176,100.85650097029408,6.37037037037037,17.11111111111111,0,Infected
0.1856,111.11712180965846,5.027777777777779,10.666666666666668,0,Infected
0.2016,101.17330949769092,7.444444444444445,13.88888888888889,0,Infected
0.1856,111.85377757532376,4.222222222222222,13.88888888888889,0,Infected
0.1744,96.23474178403757,2.611111111111111,13.88888888888889,0,Infected
0.1872,99.82872878295412,3.577777777777778,13.88888888888889,0,Infected
0.2224,130.81800981233363,3.1481481481481484,13.88888888888889,0,Infected
0.2528,112.94053060413354,4.222222222222222,13.88888888888889,0,Infected
0.184,123.64127503299478,3.577777777777778,13.88888888888889,0,Infected
0.16,126.16280033140016,4.866666666666667,13.88888888888889,0,Infected
0.1648,124.59132536490492,4.222222222222222,17.11111111111111,0,Infected
0.1568,131.34856418918918,3.3015873015873014,13.88888888888889,0,Infected
0.1856,116.80232144128748,15.5,17.11111111111111,0,Infected
0.1616,124.5227331648195,2.8412698412698414,13.88888888888889,0,Infected
0.1696,111.96754017531045,2.611111111111111,7.444444444444445,0,Infected
0.2048,103.4365661609372,3.1481481481481484,13.88888888888889,0,Infected
0.1696,125.16254218222724,5.027777777777778,13.88888888888889,0,Infected
0.1696,112.26302389345868,17.11111111111111,17.11111111111111,0,Infected
0.2592,126.3541754831429,3.761904761904762,13.88888888888889,0,Infected
0.2208,100.05279091769158,3.577777777777778,13.88888888888889,0,Infected
0.2112,103.23979992373776,5.027777777777778,13.88888888888889,0,Infected
0.1456,123.6235483073882,5.296296296296297,13.88888888888889,0,Infected
0.1632,123.8979639379397,6.37037037037037,17.11111111111111,0,Infected
0.3072,85.07741261398176,2.2888888888888888,10.666666666666668,0,Infected
0.136,123.07690965613502,6.37037037037037,17.11111111111111,0,Infected
0.192,110.3199841458581,3.577777777777778,13.88888888888889,0,Infected
0.1376,130.88834065966927,5.296296296296297,13.88888888888889,0,Infected
0.232,124.6822022109964,3.577777777777778,13.88888888888889,0,Infected
0.1808,129.80436870694223,2.2888888888888888,7.444444444444445,0,Infected
0.1792,132.5482332982333,2.239316239316239,7.444444444444445,0,Infected
0.2176,82.03038302277433,17.11111111111111,17.11111111111111,0,Infected
0.3088,105.441869686588,1.9206349206349207,4.222222222222222,0,Infected
0.176,115.495228800694,9.055555555555555,17.11111111111111,0,Infected
0.2128,126.5645848551254,1.7160493827160497,7.444444444444445,0,Infected
0.176,126.7525179856115,1.9666666666666668,7.444444444444445,0,Infected
0.1264,131.23895392207493,2.171717171717172,7.444444444444445,0,Infected
0.2384,106.97821631352998,3.577777777777778,13.88888888888889,0,Infected
0.1472,127.47659337318878,5.296296296296297,13.88888888888889,0,Infected
0.2208,105.84955922865014,5.027777777777778,13.88888888888889,0,Infected
0.2336,107.41392307692308,5.027777777777778,13.88888888888889,0,Infected
0.1824,116.87217278457544,3.685185185185185,13.88888888888889,0,Infected
0.1952,101.61400257400255,2.8412698412698414,13.88888888888889,0,Infected
0.1648,98.5146151586369,1.9206349206349207,7.444444444444445,0,Infected
0.1888,87.41588851919431,4.222222222222222,13.88888888888889,0,Infected
0.1584,120.18746506554156,5.296296296296297,13.88888888888889,0,Infected
0.1456,114.42448593073593,4.222222222222222,17.11111111111111,0,Infected
0.1968,101.03476814475232,5.296296296296297,13.88888888888889,0,Infected
0.208,120.04340391132668,1.6904761904761902,7.444444444444445,0,Infected
0.1472,73.4309187248658,3.1481481481481484,13.88888888888889,0,Infected
0.136,116.29575709511133,1.805555555555556,7.444444444444445,0,Infected
0.1648,117.51826256818516,4.222222222222222,13.88888888888889,0,Infected
0.1856,117.05876704748886,1.6444444444444444,7.444444444444445,0,Infected
0.2064,119.04738472753782,7.444444444444445,13.88888888888889,0,Infected
0.16,121.5401927662957,1.7160493827160497,7.444444444444445,0,Infected
0.1696,122.03472357249336,1.7160493827160497,7.444444444444445,0,Infected
0.168,102.4838062372188,5.296296296296297,13.88888888888889,0,Infected
0.1936,114.32273210489016,3.577777777777778,13.88888888888889,0,Infected
0.1536,126.24578931924884,6.37037037037037,17.11111111111111,0,Infected
0.2096,122.14986020503262,2.611111111111111,7.444444444444445,0,Infected
0.2112,114.23733129615482,1.9206349206349207,7.444444444444445,0,Infected
0.144,129.36592785745327,5.027777777777778,17.11111111111111,0,Infected
0.16,113.61296944643637,2.2888888888888888,7.444444444444445,0,Infected
0.1216,73.46830151997172,5.027777777777778,13.88888888888889,0,Infected
0.2016,116.670851853549,2.611111111111111,13.88888888888889,0,Infected
0.2384,118.01283979178716,5.296296296296297,13.88888888888889,0,Infected
0.1872,129.9576103822824,1.805555555555556,7.444444444444445,0,Infected
0.1552,92.7207070884799,2.9333333333333336,7.444444444444445,0,Infected
0.1808,106.89420829681566,4.222222222222222,13.88888888888889,0,Infected
0.1664,101.45631303012088,3.577777777777778,13.88888888888889,0,Infected
0.1664,128.7495684893676,1.6444444444444444,7.444444444444445,0,Infected
0.2048,88.75449684005834,2.611111111111111,10.666666666666668,0,Infected
0.1648,103.780186702229,4.222222222222222,13.88888888888889,0,Infected
0.1664,125.20238548407562,1.9206349206349207,7.444444444444445,0,Infected
0.1648,116.82606917400196,5.027777777777778,17.11111111111111,0,Infected
0.2,63.94447322970639,3.1481481481481484,10.666666666666668,0,Infected
0.2064,120.7827489481066,7.444444444444444,17.11111111111111,0,Infected
0.184,104.82273877292852,4.222222222222222,13.88888888888889,0,Infected
0.1856,91.20986085094997,12.27777777777778,13.88888888888889,0,Infected
0.1664,114.32411828367712,1.805555555555556,7.444444444444445,0,Infected
0.2,106.22787901958286,10.666666666666666,17.11111111111111,0,Infected
0.1984,115.45886192314764,6.37037037037037,13.88888888888889,0,Infected
0.2128,113.37849392158692,5.027777777777778,17.11111111111111,0,Infected
0.168,123.3499701848539,3.013888888888889,13.88888888888889,0,Infected
0.1808,119.8795367621493,4.222222222222222,13.88888888888889,0,Infected
0.1616,120.51366802968349,3.685185185185185,13.88888888888889,0,Infected
0.2256,83.74634583563154,9.055555555555555,17.11111111111111,0,Infected
0.152,124.7479341410376,4.222222222222222,17.11111111111111,0,Infected
0.1616,119.55499197764092,3.013888888888889,13.88888888888889,0,Infected
0.1792,85.69336569579288,5.027777777777778,13.88888888888889,0,Infected
0.144,130.03889853634334,3.577777777777778,13.88888888888889,0,Infected
0.2368,108.6326998873874,17.11111111111111,17.11111111111111,0,Infected
0.1888,117.39803710995764,3.6851851851851856,10.666666666666668,0,Infected
0.1728,114.95641359036688,5.833333333333334,13.88888888888889,0,Infected
0.1984,133.49766481395707,2.432098765432099,13.88888888888889,0,Infected
0.2,92.31829091513984,5.296296296296297,13.88888888888889,0,Infected
0.2096,107.7404321614848,4.222222222222222,13.88888888888889,0,Infected
0.1968,102.8145298585647,3.577777777777778,13.88888888888889,0,Infected
0.1728,110.9907855247166,4.222222222222222,13.88888888888889,0,Infected
0.2656,109.45304756737204,5.027777777777778,17.11111111111111,0,Infected
0.1504,130.73766697732216,4.866666666666667,13.88888888888889,0,Infected
0.1728,116.5934523809524,3.3015873015873014,13.88888888888889,0,Infected
0.1632,128.77557899090158,3.1481481481481484,13.88888888888889,0,Infected
0.168,133.29855703160788,3.577777777777778,13.88888888888889,0,Infected
0.1712,110.5667631917632,9.055555555555555,13.88888888888889,0,Infected
0.1712,122.913558384062,1.4957264957264955,7.444444444444445,0,Infected
0.1952,124.78746613954168,5.296296296296297,13.88888888888889,0,Infected
0.1712,123.67684614168247,1.5858585858585856,7.444444444444445,0,Infected
0.152,128.28337042596138,4.222222222222222,17.11111111111111,0,Infected
0.1824,117.97084178498986,3.577777777777778,13.88888888888889,0,Infected
0.1664,117.48196707750849,2.8412698412698414,13.88888888888889,0,Infected
0.1664,118.9398807293618,3.577777777777778,13.88888888888889,0,Infected
0.1536,120.2881386766464,5.027777777777778,13.88888888888889,0,Infected
0.1824,120.6272438552886,4.222222222222222,17.11111111111111,0,Infected
0.1584,125.49488133631026,4.222222222222222,13.88888888888889,0,Infected
0.1776,117.06329876388016,2.611111111111111,13.88888888888889,0,Infected
0.2416,108.4109952194698,1.805555555555556,7.444444444444445,0,Infected
0.184,120.13567860469054,5.027777777777778,13.88888888888889,0,Infected
0.1776,111.12195277926996,4.222222222222222,13.88888888888889,0,Infected
0.1392,127.1698717948718,1.805555555555556,7.444444444444445,0,Infected
0.1488,116.78738048522222,3.3015873015873014,13.88888888888889,0,Infected
0.152,113.88123334602209,4.222222222222222,13.88888888888889,0,Infected
0.2272,114.40431316918296,2.1717171717171717,7.444444444444445,0,Infected
0.2208,110.38291900561347,13.88888888888889,13.88888888888889,0,Infected
0.1792,107.4370679926647,13.88888888888889,13.88888888888889,0,Infected
0.1888,104.8939393939394,2.074074074074074,7.444444444444445,0,Infected
0.1584,115.56653225806453,2.432098765432099,13.88888888888889,0,Infected
0.1536,104.25856895760528,3.3015873015873014,13.88888888888889,0,Infected
0.1664,110.19263381028088,4.222222222222222,13.88888888888889,0,Infected
0.1776,116.76791953569288,3.1481481481481484,13.88888888888889,0,Infected
0.2,112.42711716651904,4.866666666666667,13.88888888888889,0,Infected
0.1712,99.93946238358151,3.577777777777778,10.666666666666668,0,Infected
0.1392,116.91766774891776,9.592592592592592,13.88888888888889,0,Infected
0.2,119.29772507594588,3.685185185185185,13.88888888888889,0,Infected
0.1568,112.7106518282989,3.685185185185185,17.11111111111111,0,Infected
0.1744,93.64475127301216,1.9206349206349207,7.444444444444445,0,Infected
0.1488,115.93094505243958,2.8412698412698414,13.88888888888889,0,Infected
0.1744,105.33894159059722,2.8412698412698414,13.88888888888889,0,Infected
0.1888,97.77419445616998,2.2888888888888888,7.444444444444445,0,Infected
0.2192,101.2880992804592,4.222222222222222,13.88888888888889,0,Infected
0.2016,97.22086466165412,3.685185185185185,13.88888888888889,0,Infected
0.1808,89.83109022288684,4.222222222222222,13.88888888888889,0,Infected
0.1632,100.47006353861192,3.1481481481481484,13.88888888888889,0,Infected
0.1568,98.14023627723589,3.1481481481481484,13.88888888888889,0,Infected
0.1968,120.17308467741935,4.866666666666667,13.88888888888889,0,Infected
0.2256,113.41655063046338,3.577777777777778,13.88888888888889,0,Infected
0.1632,113.320399216491,5.027777777777778,17.11111111111111,0,Infected
0.2256,122.38253896882496,3.1481481481481484,13.88888888888889,0,Infected
0.1632,124.18179487179488,4.866666666666667,13.88888888888889,0,Infected
0.2304,114.54103188037806,1.878787878787879,7.444444444444445,0,Infected
0.144,124.39175115265267,3.577777777777778,13.88888888888889,0,Infected
0.2064,124.85899387968354,1.878787878787879,7.444444444444445,0,Infected
0.1568,122.93654563446754,4.222222222222222,17.11111111111111,0,Infected
0.2016,114.68894180430304,3.577777777777778,13.88888888888889,0,Infected
0.152,115.0465509113765,4.222222222222222,13.88888888888889,0,Infected
0.208,127.73789196521184,4.222222222222222,13.88888888888889,0,Infected
0.1616,116.50325191501662,5.296296296296297,13.88888888888889,0,Infected
0.1808,127.00127195639008,2.8412698412698414,13.88888888888889,0,Infected
0.1408,127.58300893886968,2.208333333333333,7.444444444444445,0,Infected
0.1728,122.58596479132191,2.8412698412698414,13.88888888888889,0,Infected
0.1696,113.7025256929838,4.222222222222222,13.88888888888889,0,Infected
0.1824,127.45953346855984,3.3015873015873014,13.88888888888889,0,Infected
0.1744,115.96699647600975,5.027777777777779,10.666666666666668,0,Infected
0.1648,122.94560141360596,1.9206349206349207,7.444444444444445,0,Infected
0.184,113.47361441375526,2.8412698412698414,10.666666666666668,0,Infected
0.1584,108.03030597377368,15.5,17.11111111111111,0,Infected
0.2032,111.43548387096774,9.592592592592592,10.666666666666668,0,Infected
0.2112,103.12475908843476,4.222222222222222,13.88888888888889,0,Infected
0.1952,114.3048374461418,5.027777777777779,10.666666666666668,0,Infected
0.1856,113.32816274634456,3.1481481481481484,13.88888888888889,0,Infected
0.1632,130.79359490274985,3.577777777777778,13.88888888888889,0,Infected
0.1552,134.57484282843996,13.88888888888889,13.88888888888889,0,Infected
0.1392,126.9257542426147,3.685185185185185,13.88888888888889,0,Infected
0.1456,115.52324700893531,4.222222222222222,17.11111111111111,0,Infected
0.152,123.20465969839624,1.7160493827160497,7.444444444444445,0,Infected
0.1552,107.3542036489152,3.685185185185185,13.88888888888889,0,Infected
0.1296,135.42014021063318,2.380952380952381,7.444444444444445,0,Infected
0.1472,131.30425086682246,5.833333333333334,13.88888888888889,0,Infected
0.1504,123.29524394963914,5.296296296296297,13.88888888888889,0,Infected
0.1504,95.13051643192487,5.027777777777778,13.88888888888889,0,Infected
0.1552,115.52027298850577,6.37037037037037,17.11111111111111,0,Infected
0.16,108.65535827520608,5.027777777777778,17.11111111111111,0,Infected
0.2048,113.1119877157683,3.685185185185185,13.88888888888889,0,Infected
0.1664,124.26637799286806,13.88888888888889,13.88888888888889,0,Infected
0.1488,114.42753904984122,5.027777777777778,13.88888888888889,0,Infected
0.1408,119.52726616106898,4.222222222222222,13.88888888888889,0,Infected
0.1344,118.23517382413088,3.685185185185185,17.11111111111111,0,Infected
0.1744,80.08790136181909,5.296296296296297,13.88888888888889,0,Infected
0.1344,129.5358058053394,3.685185185185185,13.88888888888889,0,Infected
0.1376,134.30880821078432,4.222222222222222,13.88888888888889,0,Infected
0.1392,96.94209636517328,2.611111111111111,7.444444444444445,0,Infected
0.1632,115.80231422929286,3.685185185185185,13.88888888888889,0,Infected
0.1408,121.46838031026626,3.685185185185185,13.88888888888889,0,Infected
0.1328,119.79007062733692,2.8412698412698414,13.88888888888889,0,Infected
0.136,122.14369893148962,5.027777777777778,17.11111111111111,0,Infected
0.1472,124.00499524673754,3.685185185185185,13.88888888888889,0,Infected
0.144,121.49813381884388,3.577777777777778,13.88888888888889,0,Infected
0.1424,114.81308872342336,1.9206349206349207,7.444444444444445,0,Infected
0.1504,115.62387387387388,3.685185185185185,13.88888888888889,0,Infected
0.1568,115.46310544085183,3.577777777777778,13.88888888888889,0,Infected
0.1728,127.4524196500476,4.222222222222222,13.88888888888889,0,Infected
0.1424,119.42388014527845,5.296296296296297,13.88888888888889,0,Infected
0.1648,117.73116800677106,5.027777777777778,13.88888888888889,0,Infected
0.176,124.8601802519544,1.5858585858585856,7.444444444444445,0,Infected
0.152,131.67068383509752,1.537037037037037,7.444444444444445,0,Infected
0.1424,127.55081546360616,1.6444444444444444,7.444444444444445,0,Infected
0.1424,115.30272108843538,9.592592592592592,10.666666666666668,0,Infected
0.1552,122.72616253802694,13.88888888888889,13.88888888888889,0,Infected
0.176,94.0377336981304,9.592592592592592,10.666666666666668,0,Infected
0.1488,119.515504511895,5.027777777777778,13.88888888888889,0,Infected
0.2032,114.09241231703948,4.222222222222222,13.88888888888889,0,Infected
0.2176,120.79836291913216,1.9206349206349207,7.444444444444445,0,Infected
0.1392,121.39878844361604,5.027777777777778,17.11111111111111,0,Infected
0.1744,125.07051798775936,1.7160493827160497,7.444444444444445,0,Infected
0.1568,121.52274799878408,1.9206349206349207,7.444444444444445,0,Infected
0.1536,129.42094234188468,3.1481481481481484,13.88888888888889,0,Infected
0.1824,118.83087017968909,1.7160493827160497,7.444444444444445,0,Infected
0.2144,126.79086021505375,3.3015873015873014,13.88888888888889,0,Infected
0.184,111.5909845035123,1.6444444444444444,7.444444444444445,0,Infected
0.1552,126.36710158434296,3.1481481481481484,13.88888888888889,0,Infected
0.1728,119.6077221952404,17.11111111111111,17.11111111111111,0,Infected
0.1456,123.54376917674024,1.9206349206349207,7.444444444444445,0,Infected
0.184,124.25897435897436,3.685185185185185,13.88888888888889,0,Infected
0.1568,124.06222879684418,6.37037037037037,17.11111111111111,0,Infected
0.1584,122.21706772513024,2.2888888888888888,7.444444444444445,0,Infected
0.1728,121.76765596608116,6.37037037037037,13.88888888888889,0,Infected
0.1776,128.71520536284316,3.577777777777778,13.88888888888889,0,Infected
0.2064,119.42621991756415,4.222222222222222,13.88888888888889,0,Infected
0.152,128.7188585017836,6.37037037037037,17.11111111111111,0,Infected
0.1584,130.68707223259233,5.296296296296297,13.88888888888889,0,Infected
0.1648,128.7890574214518,9.055555555555555,17.11111111111111,0,Infected
0.1488,122.60972701149426,3.685185185185185,13.88888888888889,0,Infected
0.1488,129.24572116625097,1.4603174603174602,7.444444444444445,0,Infected
0.1792,124.0772309304874,2.074074074074074,7.444444444444445,0,Infected
0.1856,126.91753597122302,6.370370370370371,10.666666666666668,0,Infected
0.1552,118.27821736762134,4.222222222222222,13.88888888888889,0,Infected
0.1728,116.90984284532672,9.055555555555555,17.11111111111111,0,Infected
0.1616,131.5219052470708,1.6444444444444444,7.444444444444445,0,Infected
0.1392,126.358755484643,3.685185185185185,13.88888888888889,0,Infected
0.1808,130.01310843217317,1.7160493827160497,7.444444444444445,0,Infected
0.1408,122.68711891782758,5.027777777777778,17.11111111111111,0,Infected
0.1824,110.47310166104658,1.7160493827160497,7.444444444444445,0,Infected
0.1472,99.9186759880154,9.055555555555555,17.11111111111111,0,Infected
0.1696,128.52795333009237,3.685185185185185,13.88888888888889,0,Infected
0.152,127.04287848301932,3.577777777777778,13.88888888888889,0,Infected
0.1536,116.95872564935064,2.074074074074074,7.444444444444445,0,Infected
0.1568,109.74333482609345,17.11111111111111,17.11111111111111,0,Infected
0.1904,114.23364447037252,2.611111111111111,13.88888888888889,0,Infected
0.2032,99.82841895497688,5.296296296296297,13.88888888888889,0,Infected
0.1552,128.8462136455094,1.6444444444444444,7.444444444444445,0,Infected
0.2112,119.53515406162464,3.1481481481481484,7.444444444444445,0,Infected
0.1664,90.78249069478908,5.296296296296297,13.88888888888889,0,Infected
0.2096,100.81599257884972,9.592592592592592,10.666666666666668,0,Infected
0.2,94.07094606542884,2.074074074074074,7.444444444444445,0,Infected
0.2064,106.4485289267102,10.666666666666668,10.666666666666668,0,Infected
0.16,122.71361802542437,5.296296296296297,13.88888888888889,0,Infected
0.1648,96.78762220992436,2.2888888888888888,7.444444444444445,0,Infected
0.2,120.00743900019836,3.6851851851851856,10.666666666666668,0,Infected
0.1872,120.99950363781235,1.5858585858585856,7.444444444444445,0,Infected
0.2448,117.41301978537894,3.685185185185185,13.88888888888889,0,Infected
0.152,123.54741938097553,2.432098765432099,13.88888888888889,0,Infected
0.168,124.68088509730738,1.5858585858585856,7.444444444444445,0,Infected
0.16,124.37865458100062,2.8412698412698414,13.88888888888889,0,Infected
0.1744,132.9460770528684,4.222222222222222,13.88888888888889,0,Infected
0.1648,124.42037124429764,4.222222222222222,17.11111111111111,0,Infected
0.1456,112.54738630684658,3.1481481481481484,13.88888888888889,0,Infected
0.16,123.26068043111285,1.6444444444444444,7.444444444444445,0,Infected
0.1392,134.22448038589772,1.537037037037037,7.444444444444445,0,Infected
0.1328,137.02660702015993,9.055555555555555,17.11111111111111,0,Infected
0.1504,133.30381019167837,4.222222222222222,13.88888888888889,0,Infected
0.16,127.12453421877882,1.6444444444444444,7.444444444444445,0,Infected
0.136,124.68016815694648,1.6444444444444444,7.444444444444445,0,Infected
0.1472,130.7384543616856,2.074074074074074,7.444444444444445,0,Infected
0.1504,123.94315550041355,1.5858585858585856,7.444444444444445,0,Infected
0.152,128.60195542837323,1.5858585858585856,7.444444444444445,0,Infected
0.1488,120.40171174255391,1.5858585858585856,7.444444444444445,0,Infected
0.1744,120.74243761534142,1.805555555555556,7.444444444444445,0,Infected
0.1584,116.38643041971844,9.055555555555555,17.11111111111111,0,Infected
0.128,131.82600550964187,2.8412698412698414,13.88888888888889,0,Infected
0.1504,117.37546925566345,4.222222222222222,17.11111111111111,0,Infected
0.168,106.66362355051572,2.074074074074074,7.444444444444445,0,Infected
0.1552,120.08856397839448,3.1481481481481484,13.88888888888889,0,Infected
0.1536,112.50142857142858,9.055555555555555,13.88888888888889,0,Infected
0.1584,115.93678370683992,3.416666666666667,7.444444444444445,0,Infected
0.1488,119.91063829787234,4.222222222222222,13.88888888888889,0,Infected
0.152,115.16298387096774,13.88888888888889,13.88888888888889,0,Infected
0.1472,121.14412642547832,2.611111111111111,13.88888888888889,0,Infected
0.16,126.84058977921876,1.7160493827160497,7.444444444444445,0,Infected
0.1456,130.58720178372351,1.4296296296296296,7.444444444444445,0,Infected
0.1872,105.4135865495882,7.444444444444445,13.88888888888889,0,Infected
0.16,127.19702383788334,3.3015873015873014,13.88888888888889,0,Infected
0.1504,125.72739524626316,4.222222222222222,13.88888888888889,0,Infected
0.152,107.96241230034332,4.222222222222222,13.88888888888889,0,Infected
0.1536,130.36928733031675,3.1481481481481484,13.88888888888889,0,Infected
0.1552,121.72995502248877,5.027777777777778,13.88888888888889,0,Infected
0.16,129.15481136217787,6.37037037037037,17.11111111111111,0,Infected
0.1344,121.72891688681162,4.222222222222222,13.88888888888889,0,Infected
0.1456,131.69276746242264,2.432098765432099,13.88888888888889,0,Infected
0.1824,101.90060240963857,3.685185185185185,13.88888888888889,0,Infected
0.152,120.81417480591034,6.37037037037037,17.11111111111111,0,Infected
0.1488,126.7455669267403,4.222222222222222,13.88888888888889,0,Infected
0.1728,132.40149669949523,3.1481481481481484,13.88888888888889,0,Infected
0.1824,125.42422090729784,1.4603174603174602,7.444444444444445,0,Infected
0.1728,121.13611500701262,1.9206349206349207,7.444444444444445,0,Infected
0.1648,116.90206896551724,4.222222222222223,10.666666666666668,0,Infected
0.1568,131.49901613537978,1.7435897435897434,7.444444444444445,0,Infected
0.2,126.1784320438206,2.7901234567901234,13.88888888888889,0,Infected
0.2496,129.49122695486332,1.878787878787879,7.444444444444445,0,Infected
0.1584,103.03184326710816,7.444444444444445,13.88888888888889,0,Infected
0.1664,112.32508506697678,3.685185185185185,13.88888888888889,0,Infected
0.16,111.6230902951894,5.027777777777778,13.88888888888889,0,Infected
0.1696,110.60629843232851,2.2888888888888888,7.444444444444445,0,Infected
0.2352,107.0314799738199,3.685185185185185,13.88888888888889,0,Infected
0.1632,112.32341710500684,4.222222222222222,13.88888888888889,0,Infected
0.1488,117.3905499285807,4.222222222222223,10.666666666666668,0,Infected
0.1904,123.56969481340924,2.8412698412698414,13.88888888888889,0,Infected
0.184,126.22722313147844,5.833333333333334,13.88888888888889,0,Infected
0.1984,105.79266903590305,9.592592592592592,13.88888888888889,0,Infected
0.1568,119.69530548068283,4.222222222222222,13.88888888888889,0,Infected
0.1616,117.00549450549453,5.027777777777778,17.11111111111111,0,Infected
0.1552,107.74167082087072,6.37037037037037,17.11111111111111,0,Infected
0.1344,125.2377052545156,3.577777777777778,13.88888888888889,0,Infected
0.1568,113.63636174808909,5.027777777777778,13.88888888888889,0,Infected
0.136,117.71062550120288,5.027777777777779,10.666666666666668,0,Infected
0.1536,118.4166497324392,3.013888888888889,13.88888888888889,0,Infected
0.1376,118.7132399901744,3.577777777777778,13.88888888888889,0,Infected
0.1552,118.86494325701896,2.611111111111111,7.444444444444445,0,Infected
0.1536,114.71798267957207,1.7160493827160497,7.444444444444445,0,Infected
0.1424,110.92857142857144,9.055555555555555,10.666666666666668,0,Infected
0.1664,109.65201839550332,7.444444444444445,13.88888888888889,0,Infected
0.1936,114.77607343346988,3.013888888888889,13.88888888888889,0,Infected
0.1232,129.80368842868842,8.518518518518519,13.88888888888889,0,Infected
0.1632,102.26146271568808,3.1481481481481484,7.444444444444445,0,Infected
0.1616,121.74447944184786,5.027777777777778,13.88888888888889,0,Infected
0.1456,121.11794871794872,5.027777777777778,13.88888888888889,0,Infected
0.1488,119.80743594101097,4.222222222222222,13.88888888888889,0,Infected
0.1664,108.6413564929694,9.055555555555555,10.666666666666668,0,Infected
0.1488,85.17913715559425,3.416666666666667,10.666666666666668,0,Infected
0.1728,98.5267515717156,4.222222222222222,13.88888888888889,0,Infected
0.144,128.17985611510792,7.444444444444445,13.88888888888889,0,Infected
0.168,117.07275520178746,3.1481481481481484,13.88888888888889,0,Infected
0.1552,126.1883052702178,1.537037037037037,7.444444444444445,0,Infected
0.1936,127.20125692549408,1.4957264957264955,7.444444444444445,0,Infected
0.1392,124.28057503506312,6.37037037037037,17.11111111111111,0,Infected
0.1504,124.79173228346455,3.013888888888889,13.88888888888889,0,Infected
0.1488,118.75121753246754,3.1481481481481484,13.88888888888889,0,Infected
0.1632,116.90723270440252,2.611111111111111,13.88888888888889,0,Infected
0.1552,119.337610408212,4.222222222222222,13.88888888888889,0,Infected
0.1312,115.58354958294716,4.866666666666667,13.88888888888889,0,Infected
0.1584,126.26374950806768,3.685185185185185,13.88888888888889,0,Infected
0.1664,125.83636277122191,5.027777777777778,17.11111111111111,0,Infected
0.1952,113.71973160612988,5.027777777777778,17.11111111111111,0,Infected
0.1424,112.9257517652788,4.222222222222223,10.666666666666668,0,Infected
0.1808,127.47910494308437,2.611111111111112,10.666666666666668,0,Infected
0.1504,114.58903388278388,1.9206349206349207,7.444444444444445,0,Infected
0.1376,115.41553398058252,7.444444444444445,13.88888888888889,0,Infected
0.1536,122.64978839930296,7.444444444444445,10.666666666666668,0,Infected
0.1344,94.5881087854772,9.055555555555555,17.11111111111111,0,Infected
0.1616,121.1487946435098,1.6444444444444444,7.444444444444445,0,Infected
0.1568,135.54856900315303,1.6444444444444444,7.444444444444445,0,Infected
0.1456,110.76011904761904,2.8412698412698414,13.88888888888889,0,Infected
0.1504,112.43194633482403,3.1481481481481484,13.88888888888889,0,Infected
0.1392,124.0942496229261,1.8055555555555556,7.444444444444445,0,Infected
0.1664,115.3176980913823,4.222222222222222,17.11111111111111,0,Infected
0.1744,113.82097715119106,1.9206349206349207,7.444444444444445,0,Infected
0.144,122.27210751850409,17.11111111111111,17.11111111111111,0,Infected
0.1536,118.62950682931915,2.8412698412698414,13.88888888888889,0,Infected
0.1568,114.08320003554608,15.5,17.11111111111111,0,Infected
0.1632,113.98195039605244,3.3015873015873014,13.88888888888889,0,Infected
0.1632,100.7479353979354,3.3015873015873014,13.88888888888889,0,Infected
0.1472,111.64641102141104,3.1481481481481484,13.88888888888889,0,Infected
0.1616,107.31973463946927,3.685185185185185,13.88888888888889,0,Infected
0.128,120.40040532715692,3.3015873015873014,13.88888888888889,0,Infected
0.144,110.70551629742806,13.88888888888889,13.88888888888889,0,Infected
0.1424,110.67124746450304,3.013888888888889,13.88888888888889,0,Infected
0.1696,115.79972341145488,2.8412698412698414,13.88888888888889,0,Infected
0.1584,125.96654185867897,1.537037037037037,7.444444444444445,0,Infected
0.1392,126.54315719837923,9.055555555555555,17.11111111111111,0,Infected
0.1792,118.72968214693567,2.8412698412698414,13.88888888888889,0,Infected
0.1424,108.9204809648358,2.611111111111111,13.88888888888889,0,Infected
0.1472,104.35907235015516,1.878787878787879,7.444444444444445,0,Infected
0.1408,118.65380695443643,2.074074074074074,7.444444444444445,1,Uninfected
0.1328,126.43302907369844,1.5858585858585856,7.444444444444445,1,Uninfected
0.1344,128.82064108790675,3.1481481481481484,13.88888888888889,1,Uninfected
0.128,129.87627976190475,6.37037037037037,17.11111111111111,1,Uninfected
0.1376,128.07335056975964,4.222222222222222,13.88888888888889,1,Uninfected
0.1424,112.70514453699168,5.296296296296297,13.88888888888889,1,Uninfected
0.128,135.57733594089527,3.3015873015873014,13.88888888888889,1,Uninfected
0.1328,123.81246034767162,5.027777777777778,17.11111111111111,1,Uninfected
0.1392,127.4805719334307,3.013888888888889,13.88888888888889,1,Uninfected
0.144,118.19551126235618,2.611111111111111,13.88888888888889,1,Uninfected
0.144,130.86125675730602,3.6851851851851856,10.666666666666668,1,Uninfected
0.1456,116.2961994809047,5.027777777777778,13.88888888888889,1,Uninfected
0.1456,132.51002947191145,1.4603174603174602,7.444444444444445,1,Uninfected
0.1632,97.8263819311253,5.296296296296297,13.88888888888889,1,Uninfected
0.1392,99.99930122127464,4.222222222222222,13.88888888888889,1,Uninfected
0.136,131.10570680975093,3.1481481481481484,13.88888888888889,1,Uninfected
0.1488,100.31694060733228,3.1481481481481484,13.88888888888889,1,Uninfected
0.144,94.6187834224599,3.1481481481481484,13.88888888888889,1,Uninfected
0.1376,128.01287968441815,3.577777777777778,13.88888888888889,1,Uninfected
0.144,124.21236987140232,1.5858585858585856,7.444444444444445,1,Uninfected
0.1552,89.91867541061089,3.577777777777778,13.88888888888889,1,Uninfected
0.1472,120.9563189950514,1.5858585858585856,7.444444444444445,1,Uninfected
0.1408,122.96517235926628,4.222222222222222,17.11111111111111,1,Uninfected
0.1472,99.23465248009798,5.296296296296297,13.88888888888889,1,Uninfected
0.1664,111.18159509202454,1.805555555555556,7.444444444444445,1,Uninfected
0.1472,101.56457292139936,5.027777777777778,13.88888888888889,1,Uninfected
0.1328,123.82754100359736,3.1481481481481484,13.88888888888889,1,Uninfected
0.1344,127.11613249048096,9.055555555555555,17.11111111111111,1,Uninfected
0.152,93.38923395445134,3.1481481481481484,13.88888888888889,1,Uninfected
0.1392,122.92566153493306,4.222222222222222,13.88888888888889,1,Uninfected
0.136,125.65066751430388,4.222222222222222,13.88888888888889,1,Uninfected
0.144,118.13095918237796,3.577777777777778,13.88888888888889,1,Uninfected
0.1344,126.25757149993755,6.370370370370371,10.666666666666668,1,Uninfected
0.16,89.89447816432272,5.027777777777778,13.88888888888889,1,Uninfected
0.136,111.41752344651186,13.88888888888889,13.88888888888889,1,Uninfected
0.1472,101.7952009894867,17.11111111111111,17.11111111111111,1,Uninfected
0.1264,143.875608842263,4.222222222222222,13.88888888888889,1,Uninfected
0.1456,100.20287490937484,9.592592592592592,10.666666666666668,1,Uninfected
0.1488,128.6734149054505,4.222222222222222,13.88888888888889,1,Uninfected
0.1408,95.72119513691372,9.055555555555555,17.11111111111111,1,Uninfected
0.1392,118.0730122324159,3.685185185185185,13.88888888888889,1,Uninfected
0.1408,122.19721541429838,4.222222222222222,13.88888888888889,1,Uninfected
0.152,100.8338738879554,4.222222222222222,13.88888888888889,1,Uninfected
0.1392,90.4603531207696,3.577777777777778,10.666666666666668,1,Uninfected
0.1344,119.96620408726872,6.37037037037037,17.11111111111111,1,Uninfected
0.1472,132.96223021582733,1.6444444444444444,7.444444444444445,1,Uninfected
0.152,106.01278877887788,5.296296296296297,13.88888888888889,1,Uninfected
0.1392,115.06065367693274,5.027777777777778,13.88888888888889,1,Uninfected
0.1424,117.92641477369284,3.1481481481481484,13.88888888888889,1,Uninfected
0.1584,99.49015852253262,9.055555555555555,13.88888888888889,1,Uninfected
0.1376,135.27689025250388,3.577777777777778,13.88888888888889,1,Uninfected
0.1424,124.56088783194608,4.222222222222222,13.88888888888889,1,Uninfected
0.1616,108.08023592041516,1.9206349206349207,7.444444444444445,1,Uninfected
0.1296,127.19172798216276,1.537037037037037,7.444444444444445,1,Uninfected
0.1472,115.0420243115852,4.222222222222222,13.88888888888889,1,Uninfected
0.1552,106.21323529411764,6.37037037037037,17.11111111111111,1,Uninfected
0.136,111.96302158273382,7.444444444444445,13.88888888888889,1,Uninfected
0.136,108.83390058217644,5.027777777777778,13.88888888888889,1,Uninfected
0.1456,114.23124554237178,4.222222222222223,10.666666666666668,1,Uninfected
0.1248,128.9725233897389,1.805555555555556,7.444444444444445,1,Uninfected
0.1376,103.3878787878788,7.444444444444445,13.88888888888889,1,Uninfected
0.1376,112.97087396171904,1.7160493827160497,7.444444444444445,1,Uninfected
0.1408,112.5237278807891,13.88888888888889,13.88888888888889,1,Uninfected
0.1392,120.55446470313233,5.833333333333334,13.88888888888889,1,Uninfected
0.1552,100.8876404494382,3.577777777777778,13.88888888888889,1,Uninfected
0.144,128.72479989588078,2.8412698412698414,13.88888888888889,1,Uninfected
0.1312,127.85388257575758,1.5858585858585856,7.444444444444445,1,Uninfected
0.1392,131.9126308418104,3.685185185185185,17.11111111111111,1,Uninfected
0.1392,119.790684544813,1.805555555555556,7.444444444444445,1,Uninfected
0.144,123.11119013750591,4.222222222222222,13.88888888888889,1,Uninfected
0.1376,116.02890442890444,9.592592592592592,13.88888888888889,1,Uninfected
0.1392,113.31683209263856,1.537037037037037,7.444444444444445,1,Uninfected
0.1552,109.58657557511194,4.222222222222222,13.88888888888889,1,Uninfected
0.1344,127.85775147928994,1.9666666666666668,7.444444444444445,1,Uninfected
0.144,110.90955380577428,13.88888888888889,13.88888888888889,1,Uninfected
0.1472,118.50128205128205,13.88888888888889,13.88888888888889,1,Uninfected
0.1616,80.22699724517906,3.577777777777778,13.88888888888889,1,Uninfected
0.1248,126.44321266968326,6.37037037037037,13.88888888888889,1,Uninfected
0.1808,112.80268092236496,2.2888888888888888,7.444444444444445,1,Uninfected
0.1312,119.46464593031456,13.88888888888889,13.88888888888889,1,Uninfected
0.1184,124.0660936671966,5.296296296296297,13.88888888888889,1,Uninfected
0.168,90.79901811924285,3.6851851851851856,10.666666666666668,1,Uninfected
0.1248,132.69603550295858,1.537037037037037,7.444444444444445,1,Uninfected
0.1504,91.5818721719457,4.222222222222222,13.88888888888889,1,Uninfected
0.1408,119.25505246793628,1.5858585858585856,7.444444444444445,1,Uninfected
0.1376,118.98652466025348,4.222222222222222,13.88888888888889,1,Uninfected
0.1344,123.36492829204694,3.3015873015873014,13.88888888888889,1,Uninfected
0.1328,121.9294098555742,2.611111111111111,13.88888888888889,1,Uninfected
0.1552,94.46265040106952,1.9206349206349207,7.444444444444445,1,Uninfected
0.1568,115.40489566613162,2.8412698412698414,13.88888888888889,1,Uninfected
0.1552,106.42945151033386,4.222222222222222,13.88888888888889,1,Uninfected
0.1552,97.3764678471575,6.37037037037037,17.11111111111111,1,Uninfected
0.144,106.50186801560535,1.805555555555556,7.444444444444445,1,Uninfected
0.1296,127.8742633103586,2.380952380952381,7.444444444444445,1,Uninfected
0.1328,132.1673351366477,3.3015873015873014,13.88888888888889,1,Uninfected
0.1424,119.06939307932686,1.5858585858585856,7.444444444444445,1,Uninfected
0.1392,127.25539568345324,5.027777777777778,17.11111111111111,1,Uninfected
0.1376,126.8219248130907,1.805555555555556,7.444444444444445,1,Uninfected
0.232,121.2216620404464,1.9206349206349205,7.444444444444445,1,Uninfected
0.2352,120.65969685902118,2.8412698412698414,13.88888888888889,1,Uninfected
0.136,115.73161764705884,3.577777777777778,13.88888888888889,1,Uninfected
0.1632,111.62169485191068,3.3015873015873014,13.88888888888889,1,Uninfected
0.152,102.0700119047619,3.577777777777778,13.88888888888889,1,Uninfected
0.136,108.93250709845752,6.37037037037037,17.11111111111111,1,Uninfected
0.1408,129.56573224179277,3.761904761904762,13.88888888888889,1,Uninfected
0.216,117.16292086005804,1.9914529914529917,7.444444444444445,1,Uninfected
0.2208,117.89405860450056,2.171717171717172,7.444444444444445,1,Uninfected
0.1488,126.325693000693,4.866666666666667,13.88888888888889,1,Uninfected
0.1392,90.86248738138502,6.37037037037037,17.11111111111111,1,Uninfected
0.1536,95.2888567572778,3.577777777777778,13.88888888888889,1,Uninfected
0.1488,117.0059194499465,2.7901234567901234,13.88888888888889,1,Uninfected
0.1456,113.23598310291858,2.611111111111112,7.444444444444445,1,Uninfected
0.1792,124.0641139552923,3.013888888888889,13.88888888888889,1,Uninfected
0.1424,115.3504552918346,3.013888888888889,13.88888888888889,1,Uninfected
0.2128,117.9486471171554,2.432098765432099,13.88888888888889,1,Uninfected
0.136,101.07727966532872,10.666666666666666,17.11111111111111,1,Uninfected
0.144,119.86800202839756,2.611111111111111,13.88888888888889,1,Uninfected
0.152,91.8164475901584,3.013888888888889,13.88888888888889,1,Uninfected
0.16,108.74100239936016,2.432098765432099,13.88888888888889,1,Uninfected
0.1568,114.0867231638418,3.577777777777778,13.88888888888889,1,Uninfected
0.2,114.49494287634408,4.222222222222222,13.88888888888889,1,Uninfected
0.1392,117.39502164502164,4.222222222222222,17.11111111111111,1,Uninfected
0.1568,105.78639542275906,3.685185185185185,13.88888888888889,1,Uninfected
0.1552,105.28727585359864,3.1481481481481484,13.88888888888889,1,Uninfected
0.1648,100.09501952555809,5.027777777777778,13.88888888888889,1,Uninfected
0.16,122.34364293871336,2.4646464646464645,7.444444444444445,1,Uninfected
0.1648,93.3279122247296,5.296296296296297,13.88888888888889,1,Uninfected
0.168,96.8312879108478,2.208333333333333,7.444444444444445,1,Uninfected
0.1904,97.69539507724149,5.027777777777778,13.88888888888889,1,Uninfected
0.2064,106.2549394221808,2.2888888888888888,13.88888888888889,1,Uninfected
0.1632,96.75058263248556,12.27777777777778,13.88888888888889,1,Uninfected
0.2064,111.54169729641428,3.685185185185185,13.88888888888889,1,Uninfected
0.1456,97.2387485306668,9.592592592592592,10.666666666666668,1,Uninfected
0.2208,119.1833090497005,2.432098765432099,13.88888888888889,1,Uninfected
0.1424,107.52367255174238,4.222222222222222,13.88888888888889,1,Uninfected
0.1488,89.44272437114213,4.222222222222222,13.88888888888889,1,Uninfected
0.152,111.14996186117467,4.222222222222222,13.88888888888889,1,Uninfected
0.144,102.48423588989628,2.8412698412698414,13.88888888888889,1,Uninfected
0.136,133.51811559009226,1.4603174603174602,7.444444444444445,1,Uninfected
0.1456,127.7273553674156,5.027777777777778,17.11111111111111,1,Uninfected
0.136,129.947350843293,3.577777777777778,13.88888888888889,1,Uninfected
0.1424,122.46749192289542,9.592592592592592,13.88888888888889,1,Uninfected
0.1488,124.2572476843498,3.013888888888889,13.88888888888889,1,Uninfected
0.1376,104.96773932205586,3.3015873015873014,13.88888888888889,1,Uninfected
0.1408,120.65044492345106,3.3015873015873014,13.88888888888889,1,Uninfected
0.1616,92.04542522421292,1.537037037037037,4.222222222222222,1,Uninfected
0.1408,110.79406674051508,3.1481481481481484,13.88888888888889,1,Uninfected
0.136,132.99257071249554,4.222222222222222,17.11111111111111,1,Uninfected
0.1296,122.8031884057971,1.7160493827160497,7.444444444444445,1,Uninfected
0.1344,112.4607486797142,7.444444444444445,13.88888888888889,1,Uninfected
0.136,123.08830165130568,4.222222222222222,13.88888888888889,1,Uninfected
0.1632,107.88240720404129,4.222222222222222,13.88888888888889,1,Uninfected
0.1344,128.43023343373494,3.3015873015873014,13.88888888888889,1,Uninfected
0.152,103.4008658008658,2.432098765432099,13.88888888888889,1,Uninfected
0.1248,137.9368402144476,1.6444444444444444,7.444444444444445,1,Uninfected
0.1328,115.76630769230768,2.611111111111111,7.444444444444445,1,Uninfected
0.1184,134.31231086355862,13.88888888888889,13.88888888888889,1,Uninfected
0.168,127.43919365499008,3.1481481481481484,13.88888888888889,1,Uninfected
0.1408,126.86089238845145,3.577777777777778,13.88888888888889,1,Uninfected
0.12,136.72897705968572,3.013888888888889,13.88888888888889,1,Uninfected
0.1408,100.1621039091968,4.222222222222222,13.88888888888889,1,Uninfected
0.1408,121.39546899841018,1.6444444444444444,7.444444444444445,1,Uninfected
0.1248,136.1982120186204,3.685185185185185,13.88888888888889,1,Uninfected
0.1312,118.25333565378814,5.027777777777778,13.88888888888889,1,Uninfected
0.1328,129.36603038660667,3.1481481481481484,13.88888888888889,1,Uninfected
0.1456,121.31774155445312,5.027777777777778,17.11111111111111,1,Uninfected
0.1504,116.42266546494768,2.8412698412698414,13.88888888888889,1,Uninfected
0.144,104.59394377988733,7.444444444444445,10.666666666666668,1,Uninfected
0.1376,126.85618512110727,4.866666666666667,13.88888888888889,1,Uninfected
0.1424,116.4446642775372,1.9206349206349207,7.444444444444445,1,Uninfected
0.1296,131.06209781209782,3.685185185185185,13.88888888888889,1,Uninfected
0.1424,110.27258640862664,3.013888888888889,13.88888888888889,1,Uninfected
0.1584,118.86726788812052,9.055555555555555,17.11111111111111,1,Uninfected
0.1376,106.60430031815574,5.027777777777778,13.88888888888889,1,Uninfected
0.1392,115.876828802271,5.027777777777778,13.88888888888889,1,Uninfected
0.136,119.83704984154424,17.11111111111111,17.11111111111111,1,Uninfected
0.136,112.45006747638328,5.833333333333334,13.88888888888889,1,Uninfected
0.1312,129.31741387290882,3.013888888888889,13.88888888888889,1,Uninfected
0.144,109.4652489913226,5.027777777777778,13.88888888888889,1,Uninfected
0.1456,113.2794452347084,4.222222222222222,13.88888888888889,1,Uninfected
0.1568,108.44020916471722,2.8412698412698414,13.88888888888889,1,Uninfected
0.1216,118.3399629972248,4.222222222222222,13.88888888888889,1,Uninfected
0.1376,119.87312030075188,5.833333333333334,13.88888888888889,1,Uninfected
0.128,130.49343832020998,1.7160493827160497,7.444444444444445,1,Uninfected
0.1072,142.78336227569667,1.9666666666666668,7.444444444444445,1,Uninfected
0.144,125.74737950089909,6.37037037037037,17.11111111111111,1,Uninfected
0.1552,118.54197753194408,5.296296296296297,13.88888888888889,1,Uninfected
0.1472,123.73158374708684,1.537037037037037,7.444444444444445,1,Uninfected
0.1376,131.6489238410596,1.7160493827160497,7.444444444444445,1,Uninfected
0.1424,116.06187595053892,3.1481481481481484,13.88888888888889,1,Uninfected
0.1312,130.63501810016953,3.3015873015873014,13.88888888888889,1,Uninfected
0.136,128.43199548166191,1.7160493827160497,7.444444444444445,1,Uninfected
0.144,105.71762889529924,7.444444444444445,13.88888888888889,1,Uninfected
0.136,127.50651540003643,3.1481481481481484,13.88888888888889,1,Uninfected
0.1152,138.45106669428336,1.9666666666666668,7.444444444444445,1,Uninfected
0.1328,129.7321540528437,1.7160493827160497,7.444444444444445,1,Uninfected
0.1344,124.48684850525686,5.027777777777778,17.11111111111111,1,Uninfected
0.1488,106.93197134142017,4.222222222222222,13.88888888888889,1,Uninfected
0.1232,130.54225113122172,1.805555555555556,7.444444444444445,1,Uninfected
0.1328,133.77883472057076,1.805555555555556,7.444444444444445,1,Uninfected
0.1312,134.19902562251897,5.027777777777778,17.11111111111111,1,Uninfected
0.1312,131.2769863579335,1.7160493827160497,7.444444444444445,1,Uninfected
0.1312,132.66590589597288,1.6444444444444444,7.444444444444445,1,Uninfected
0.1168,139.102900664398,5.027777777777778,17.11111111111111,1,Uninfected
0.1392,117.60606962705698,2.074074074074074,7.444444444444445,1,Uninfected
0.1264,122.8329394915861,9.055555555555555,17.11111111111111,1,Uninfected
0.1392,125.56420361247947,6.37037037037037,17.11111111111111,1,Uninfected
0.1312,129.02531499439277,1.7160493827160497,7.444444444444445,1,Uninfected
0.1392,122.13446508979868,1.6444444444444444,7.444444444444445,1,Uninfected
0.1504,112.83642334676816,9.055555555555555,17.11111111111111,1,Uninfected
0.1328,139.65638665538157,1.6444444444444444,7.444444444444445,1,Uninfected
0.1536,117.20453214398344,17.11111111111111,17.11111111111111,1,Uninfected
0.136,133.37728955894994,1.9206349206349207,7.444444444444445,1,Uninfected
0.152,125.17177684470916,1.537037037037037,7.444444444444445,1,Uninfected
0.1296,129.3411856113205,1.5858585858585856,7.444444444444445,1,Uninfected
0.1392,121.89560210876805,5.027777777777779,10.666666666666668,1,Uninfected
0.1328,131.74944267515923,5.296296296296297,13.88888888888889,1,Uninfected
0.1328,130.56635108481262,1.5858585858585856,7.444444444444445,1,Uninfected
0.1296,128.1018286498419,1.4957264957264955,7.444444444444445,1,Uninfected
0.1328,127.97353860267768,6.37037037037037,17.11111111111111,1,Uninfected
0.1504,107.5918034484544,2.611111111111111,13.88888888888889,1,Uninfected
0.1328,118.55981359649122,2.074074074074074,7.444444444444445,1,Uninfected
0.1216,134.6440182334222,1.9666666666666668,7.444444444444445,1,Uninfected
0.168,104.7199503974066,3.685185185185185,13.88888888888889,1,Uninfected
0.1264,131.8895600475624,6.37037037037037,13.88888888888889,1,Uninfected
0.1312,130.2956081081081,2.208333333333333,7.444444444444445,1,Uninfected
0.136,134.05946455505278,1.537037037037037,7.444444444444445,1,Uninfected
0.1152,134.81302790346908,4.222222222222222,17.11111111111111,1,Uninfected
0.1296,136.18992333775614,2.0740740740740744,7.444444444444445,1,Uninfected
0.1632,123.66451406649615,1.805555555555556,7.444444444444445,1,Uninfected
0.1408,114.22604651162791,3.013888888888889,13.88888888888889,1,Uninfected
0.1328,133.91653106508875,3.685185185185185,13.88888888888889,1,Uninfected
0.1456,116.5382262996942,9.055555555555555,10.666666666666668,1,Uninfected
0.1424,117.99869677385036,5.027777777777778,13.88888888888889,1,Uninfected
0.1376,130.79838781907748,1.6444444444444444,7.444444444444445,1,Uninfected
0.1952,127.34841277244038,4.222222222222222,13.88888888888889,1,Uninfected
0.144,125.11037059922614,3.1481481481481484,13.88888888888889,1,Uninfected
0.1344,135.10974242188982,1.5858585858585856,7.444444444444445,1,Uninfected
0.136,129.6768607221813,3.1481481481481484,13.88888888888889,1,Uninfected
0.1536,119.82830470500372,4.222222222222222,13.88888888888889,1,Uninfected
0.1344,129.94482913669066,4.222222222222222,13.88888888888889,1,Uninfected
0.1392,118.05736313236314,2.611111111111111,7.444444444444445,1,Uninfected
0.136,114.96390562248996,8.518518518518519,13.88888888888889,1,Uninfected
0.1376,130.39785391566264,1.4957264957264955,7.444444444444445,1,Uninfected
0.1488,108.23633861287848,4.222222222222223,10.666666666666668,1,Uninfected
0.1456,112.2395097631907,4.222222222222222,13.88888888888889,1,Uninfected
0.1392,82.35288718484954,3.1481481481481484,10.666666666666668,1,Uninfected
0.1424,119.24668342410278,1.805555555555556,7.444444444444445,1,Uninfected
0.1504,104.36257335680752,2.2888888888888888,7.444444444444445,1,Uninfected
0.144,122.46342149294864,1.5858585858585856,7.444444444444445,1,Uninfected
0.1392,115.77054898392478,4.222222222222222,13.88888888888889,1,Uninfected
0.1328,116.8457824933687,4.222222222222222,13.88888888888889,1,Uninfected
0.1392,81.49855973317162,3.1481481481481484,10.666666666666668,1,Uninfected
0.1296,124.07879994102905,4.222222222222222,13.88888888888889,1,Uninfected
0.128,103.68643893466924,9.592592592592592,17.11111111111111,1,Uninfected
0.1296,127.8852378341137,3.1481481481481484,13.88888888888889,1,Uninfected
0.144,117.3054475338648,1.7160493827160497,7.444444444444445,1,Uninfected
0.152,76.44367937078783,12.27777777777778,13.88888888888889,1,Uninfected
0.1264,128.20919772867825,5.027777777777778,13.88888888888889,1,Uninfected
0.1488,121.26854161291249,3.013888888888889,13.88888888888889,1,Uninfected
0.128,127.02861375456902,4.222222222222222,13.88888888888889,1,Uninfected
0.1424,124.036112020963,1.805555555555556,7.444444444444445,1,Uninfected
0.1424,123.5168859837734,1.805555555555556,7.444444444444445,1,Uninfected
0.1264,129.4687751004016,3.3015873015873014,13.88888888888889,1,Uninfected
0.1376,126.14830692761728,9.055555555555555,17.11111111111111,1,Uninfected
0.128,125.05751879699248,3.577777777777778,13.88888888888889,1,Uninfected
0.1312,119.94728611783697,4.222222222222222,13.88888888888889,1,Uninfected
0.1488,126.04545938951054,3.577777777777778,13.88888888888889,1,Uninfected
0.1408,122.61673850574712,3.1481481481481484,13.88888888888889,1,Uninfected
0.1232,123.51610786554906,4.222222222222222,13.88888888888889,1,Uninfected
0.1344,122.31121018678016,1.9206349206349207,7.444444444444445,1,Uninfected
0.1328,131.12440479448307,3.7619047619047614,13.88888888888889,1,Uninfected
0.1488,119.21173708920188,13.88888888888889,13.88888888888889,1,Uninfected
0.1392,125.29163137587052,6.37037037037037,17.11111111111111,1,Uninfected
0.144,127.36664647688268,1.7160493827160497,7.444444444444445,1,Uninfected
0.128,108.17145082332,6.37037037037037,13.88888888888889,1,Uninfected
0.1408,118.9017362874969,3.1481481481481484,13.88888888888889,1,Uninfected
0.1424,118.00216761084071,9.055555555555555,17.11111111111111,1,Uninfected
0.1296,126.29954247779672,5.027777777777778,13.88888888888889,1,Uninfected
0.1296,119.42410660205935,1.9206349206349207,7.444444444444445,1,Uninfected
0.1344,121.18977076124568,1.805555555555556,7.444444444444445,1,Uninfected
0.1392,98.66199134199134,6.37037037037037,13.88888888888889,1,Uninfected
0.1328,114.03326196285416,6.37037037037037,13.88888888888889,1,Uninfected
0.1504,117.74494334427618,3.577777777777778,13.88888888888889,1,Uninfected
0.1408,121.43986095527248,7.444444444444445,13.88888888888889,1,Uninfected
0.1232,125.9028404084383,3.577777777777778,13.88888888888889,1,Uninfected
0.1376,126.8359025544342,2.074074074074074,7.444444444444445,1,Uninfected
0.1456,116.67476536789502,4.222222222222222,13.88888888888889,1,Uninfected
0.1376,115.76511980588414,5.027777777777778,13.88888888888889,1,Uninfected
0.1504,98.36979002127168,4.222222222222222,13.88888888888889,1,Uninfected
0.136,124.67100913863504,3.577777777777778,13.88888888888889,1,Uninfected
0.1232,121.79473536036036,13.88888888888889,13.88888888888889,1,Uninfected
0.1424,115.75714072748956,17.11111111111111,17.11111111111111,1,Uninfected
0.12,129.437174817898,5.027777777777778,13.88888888888889,1,Uninfected
0.1264,123.53132304815334,3.577777777777778,13.88888888888889,1,Uninfected
0.1296,127.70893295893296,9.592592592592592,13.88888888888889,1,Uninfected
0.1424,125.56379892945785,4.222222222222222,13.88888888888889,1,Uninfected
0.1456,118.62030816686688,5.027777777777778,17.11111111111111,1,Uninfected
0.1392,114.3291410344042,6.37037037037037,17.11111111111111,1,Uninfected
0.1616,119.47574951018449,5.296296296296297,13.88888888888889,1,Uninfected
0.1472,119.844974078341,1.9206349206349207,7.444444444444445,1,Uninfected
0.168,109.97125870450664,9.055555555555555,17.11111111111111,1,Uninfected
0.1344,123.77376931369028,5.027777777777778,13.88888888888889,1,Uninfected
0.1248,125.56313493738568,1.878787878787879,7.444444444444445,1,Uninfected
0.1376,122.78188478188478,3.577777777777778,13.88888888888889,1,Uninfected
0.1296,119.22355889724312,1.805555555555556,7.444444444444445,1,Uninfected
0.1392,124.00935337370242,1.7160493827160497,7.444444444444445,1,Uninfected
0.1488,127.9504723084886,3.1481481481481484,13.88888888888889,1,Uninfected
0.1488,98.68586485977792,3.685185185185185,13.88888888888889,1,Uninfected
0.128,126.93746034767162,5.027777777777778,13.88888888888889,1,Uninfected
0.136,126.02983645791782,1.6444444444444444,7.444444444444445,1,Uninfected
0.1424,123.80397334990334,1.537037037037037,7.444444444444445,1,Uninfected
0.1328,116.0125089634292,4.866666666666667,13.88888888888889,1,Uninfected
0.1392,114.78484284532672,1.4957264957264955,7.444444444444445,1,Uninfected
0.1296,135.53643100557147,3.685185185185185,13.88888888888889,1,Uninfected
0.1328,129.69546084546084,2.074074074074074,7.444444444444445,1,Uninfected
0.1248,126.01874232375336,3.577777777777778,13.88888888888889,1,Uninfected
0.144,121.15970933828076,1.805555555555556,7.444444444444445,1,Uninfected
0.1456,103.46769790718837,9.592592592592592,10.666666666666668,1,Uninfected
0.128,125.21485909234254,1.805555555555556,7.444444444444445,1,Uninfected
0.1296,130.55535566583953,5.027777777777778,13.88888888888889,1,Uninfected
0.1376,111.60593652631869,4.866666666666667,13.88888888888889,1,Uninfected
0.1168,127.84119179476562,4.222222222222222,13.88888888888889,1,Uninfected
0.1344,124.80006791873376,3.3015873015873014,13.88888888888889,1,Uninfected
0.1264,132.27034147330022,6.37037037037037,17.11111111111111,1,Uninfected
0.128,131.639897488909,2.611111111111111,13.88888888888889,1,Uninfected
0.1376,132.89949330857894,4.222222222222222,13.88888888888889,1,Uninfected
0.1392,129.1662170263789,1.6444444444444444,7.444444444444445,1,Uninfected
0.1424,112.19299783200331,7.444444444444445,13.88888888888889,1,Uninfected
0.1296,126.82401960784314,5.027777777777778,17.11111111111111,1,Uninfected
0.1328,130.26141439205955,3.577777777777778,13.88888888888889,1,Uninfected
0.1456,123.82450574973092,5.296296296296297,13.88888888888889,1,Uninfected
0.136,125.87380533199196,10.666666666666666,17.11111111111111,1,Uninfected
0.136,134.59834651563975,4.222222222222222,13.88888888888889,1,Uninfected
0.1424,115.2532309322034,3.685185185185185,13.88888888888889,1,Uninfected
0.136,129.96911230467052,3.577777777777778,13.88888888888889,1,Uninfected
0.1472,117.96566077003122,1.9206349206349207,7.444444444444445,1,Uninfected
0.1408,114.51319839567203,13.88888888888889,13.88888888888889,1,Uninfected
0.1328,127.11487351472206,5.027777777777778,17.11111111111111,1,Uninfected
0.112,141.90190065121914,2.380952380952381,7.444444444444445,1,Uninfected
0.1312,120.27132352941176,1.9206349206349207,7.444444444444445,1,Uninfected
0.128,123.4690233785822,4.866666666666667,13.88888888888889,1,Uninfected
0.1264,125.46410092524955,3.3015873015873014,13.88888888888889,1,Uninfected
0.1248,120.88137976673008,9.055555555555555,17.11111111111111,1,Uninfected
0.1472,124.28834915997078,7.444444444444445,13.88888888888889,1,Uninfected
0.144,121.40021702673374,1.6444444444444444,7.444444444444445,1,Uninfected
0.1424,113.47359406952964,1.7160493827160497,7.444444444444445,1,Uninfected
0.1184,129.2913867741454,3.3015873015873014,13.88888888888889,1,Uninfected
0.128,123.47533163084344,5.833333333333334,13.88888888888889,1,Uninfected
0.1232,130.14405579165305,4.222222222222222,13.88888888888889,1,Uninfected
0.1312,125.18126953875988,5.027777777777778,17.11111111111111,1,Uninfected
0.136,119.69498359759432,3.577777777777778,13.88888888888889,1,Uninfected
0.1392,125.25869822485208,3.761904761904762,13.88888888888889,1,Uninfected
0.1856,100.29205851619643,9.592592592592592,10.666666666666668,1,Uninfected
0.1232,121.77380694925029,2.611111111111111,7.444444444444445,1,Uninfected
0.1488,116.08039654144304,9.592592592592592,10.666666666666668,1,Uninfected
0.1424,114.79946006749157,9.055555555555555,17.11111111111111,1,Uninfected
0.1248,112.80286585798396,2.8412698412698414,13.88888888888889,1,Uninfected
0.1424,116.73590417762198,3.577777777777778,13.88888888888889,1,Uninfected
0.1104,128.35965309200603,3.685185185185185,13.88888888888889,1,Uninfected
0.128,127.30793534422568,4.222222222222222,13.88888888888889,1,Uninfected
0.1344,116.2665006947661,12.27777777777778,13.88888888888889,1,Uninfected
0.1216,129.54373449131515,2.0740740740740744,7.444444444444445,1,Uninfected
0.1376,126.99010369169451,3.013888888888889,13.88888888888889,1,Uninfected
0.1328,126.16755383134849,5.027777777777779,10.666666666666668,1,Uninfected
0.1472,118.38934315448031,2.8412698412698414,13.88888888888889,1,Uninfected
0.1408,128.3592478020189,3.3015873015873014,13.88888888888889,1,Uninfected
0.1456,112.98189423189424,3.013888888888889,13.88888888888889,1,Uninfected
0.1504,100.7476482617587,5.296296296296297,13.88888888888889,1,Uninfected
0.1328,124.57522487557644,4.222222222222222,13.88888888888889,1,Uninfected
0.144,125.56600014106364,4.222222222222222,13.88888888888889,1,Uninfected
0.128,122.2375656167979,9.592592592592592,10.666666666666668,1,Uninfected
0.1312,128.43256154243414,4.222222222222222,13.88888888888889,1,Uninfected
0.1392,120.53348956255816,3.577777777777778,13.88888888888889,1,Uninfected
0.1264,129.77832612472736,1.9666666666666668,7.444444444444445,1,Uninfected
0.1488,125.49288017861574,7.444444444444445,13.88888888888889,1,Uninfected
0.136,122.02194440429734,8.518518518518519,13.88888888888889,1,Uninfected
0.1424,117.87344149616368,1.9206349206349207,7.444444444444445,1,Uninfected
0.1168,133.45013440860214,12.27777777777778,13.88888888888889,1,Uninfected
0.144,117.42322437449556,13.88888888888889,13.88888888888889,1,Uninfected
0.168,107.88652224287983,5.027777777777778,13.88888888888889,1,Uninfected
0.1472,120.24844074844074,9.055555555555555,17.11111111111111,1,Uninfected
0.1408,107.87110632183908,4.222222222222223,10.666666666666668,1,Uninfected
0.1392,103.40165245616488,4.222222222222222,7.444444444444445,1,Uninfected
0.136,132.53125918243884,1.537037037037037,7.444444444444445,1,Uninfected
0.1184,141.85670804487944,4.222222222222222,13.88888888888889,1,Uninfected
0.1408,114.75224127083987,9.055555555555555,17.11111111111111,1,Uninfected
0.1424,126.33237614572457,5.027777777777778,13.88888888888889,1,Uninfected
0.1312,134.2924807337458,5.027777777777778,13.88888888888889,1,Uninfected
0.1248,126.24037928357546,4.222222222222222,13.88888888888889,1,Uninfected
0.144,123.54622587150676,9.592592592592592,13.88888888888889,1,Uninfected
0.1392,126.19649026680668,6.37037037037037,17.11111111111111,1,Uninfected
0.1248,123.12584303874551,5.027777777777778,17.11111111111111,1,Uninfected
0.1392,114.44577090764962,13.88888888888889,13.88888888888889,1,Uninfected
0.1248,131.18313745780668,4.222222222222222,13.88888888888889,1,Uninfected
0.1168,134.2882309900377,8.518518518518519,13.88888888888889,1,Uninfected
0.1408,132.71530385624874,3.577777777777778,13.88888888888889,1,Uninfected
0.1376,122.1456390927726,9.055555555555555,13.88888888888889,1,Uninfected
0.1472,123.56541532427512,1.5858585858585856,7.444444444444445,1,Uninfected
0.1408,118.27591954022988,2.2888888888888888,7.444444444444445,1,Uninfected
0.1424,126.56258577103648,3.577777777777778,13.88888888888889,1,Uninfected
0.128,133.3888933982684,3.013888888888889,13.88888888888889,1,Uninfected
0.12,129.16595634095634,13.88888888888889,13.88888888888889,1,Uninfected
0.1328,127.82780265472572,9.055555555555555,17.11111111111111,1,Uninfected
0.1264,132.040578817734,3.1481481481481484,13.88888888888889,1,Uninfected
0.1248,137.45475669764895,1.8055555555555556,7.444444444444445,1,Uninfected
0.1408,125.57233626588466,1.6444444444444444,7.444444444444445,1,Uninfected
0.136,135.8540329427747,2.611111111111111,13.88888888888889,1,Uninfected
0.1184,141.48176718092566,2.0740740740740744,7.444444444444445,1,Uninfected
0.1424,127.36937775600197,2.611111111111111,13.88888888888889,1,Uninfected
0.128,131.0882582254795,5.027777777777778,13.88888888888889,1,Uninfected
0.1264,139.68154761904762,5.833333333333334,13.88888888888889,1,Uninfected
0.1232,142.20206611570248,4.222222222222222,13.88888888888889,1,Uninfected
0.1216,134.99644708486224,3.577777777777778,13.88888888888889,1,Uninfected
0.128,131.49486392036428,1.5858585858585856,7.444444444444445,1,Uninfected
0.136,128.32285310734463,1.4957264957264955,7.444444444444445,1,Uninfected
0.1184,143.92704530087897,5.296296296296297,13.88888888888889,1,Uninfected
0.1248,134.85702966374487,1.7160493827160497,7.444444444444445,1,Uninfected
0.1552,112.5766369047619,3.577777777777778,13.88888888888889,1,Uninfected
0.1408,133.3907742328795,4.222222222222222,13.88888888888889,1,Uninfected
0.1392,133.55737365368682,1.805555555555556,7.444444444444445,1,Uninfected
0.1248,136.11604770237864,1.6444444444444444,7.444444444444445,1,Uninfected
0.136,129.98260885236448,3.3015873015873014,13.88888888888889,1,Uninfected
0.112,140.49960978147763,3.1481481481481484,13.88888888888889,1,Uninfected
0.1312,137.42602006688963,3.685185185185185,13.88888888888889,1,Uninfected
0.144,130.2761960916442,5.027777777777778,13.88888888888889,1,Uninfected
0.1456,96.5606884057971,4.222222222222222,13.88888888888889,1,Uninfected
0.136,133.7895988420182,1.805555555555556,7.444444444444445,1,Uninfected
0.1264,140.2316899979712,3.1481481481481484,13.88888888888889,1,Uninfected
0.1392,127.21593552225887,4.866666666666667,13.88888888888889,1,Uninfected
0.1376,122.8882571362265,4.222222222222222,17.11111111111111,1,Uninfected
0.1248,133.36251324433144,1.4957264957264955,7.444444444444445,1,Uninfected
0.1488,116.61526705276704,4.222222222222222,13.88888888888889,1,Uninfected
0.136,134.11973002243366,13.88888888888889,13.88888888888889,1,Uninfected
0.1264,128.2531328320802,4.222222222222222,13.88888888888889,1,Uninfected
0.1296,135.1740505108926,5.296296296296297,13.88888888888889,1,Uninfected
0.1408,127.650011148272,1.805555555555556,7.444444444444445,1,Uninfected
0.1376,124.5308499432831,3.685185185185185,13.88888888888889,1,Uninfected
0.1376,112.92545931758532,5.027777777777778,13.88888888888889,1,Uninfected
0.1296,133.1670363387675,3.685185185185185,13.88888888888889,1,Uninfected
0.1024,150.88492235464065,3.1481481481481484,13.88888888888889,1,Uninfected
0.1456,126.1663016621743,9.055555555555555,17.11111111111111,1,Uninfected
0.1392,127.36244700181707,1.7160493827160497,7.444444444444445,1,Uninfected
0.1456,129.17242596093257,4.222222222222222,17.11111111111111,1,Uninfected
0.1264,137.61718813161937,3.1481481481481484,13.88888888888889,1,Uninfected
0.1232,138.18213200773266,3.685185185185185,13.88888888888889,1,Uninfected
0.1248,132.47177597641857,13.88888888888889,13.88888888888889,1,Uninfected
0.1472,108.6277410705736,4.222222222222222,13.88888888888889,1,Uninfected
0.1264,130.73580640872223,1.805555555555556,7.444444444444445,1,Uninfected
0.144,125.28152032871972,3.577777777777778,13.88888888888889,1,Uninfected
0.136,133.8992887985776,3.577777777777778,13.88888888888889,1,Uninfected
0.12,136.94856489712978,2.8412698412698414,13.88888888888889,1,Uninfected
0.128,125.2844613697998,2.432098765432099,13.88888888888889,1,Uninfected
0.128,134.81763656633223,1.805555555555556,7.444444444444445,1,Uninfected
0.1408,120.57206891721528,1.7160493827160497,7.444444444444445,1,Uninfected
0.1568,122.37920489296636,1.7160493827160497,7.444444444444445,1,Uninfected
0.1408,124.93561125960171,3.013888888888889,13.88888888888889,1,Uninfected
0.136,125.81358490566038,3.577777777777778,13.88888888888889,1,Uninfected
0.144,117.44519874065328,2.2888888888888888,7.444444444444445,1,Uninfected
0.136,126.03165113871636,1.6444444444444444,7.444444444444445,1,Uninfected
0.136,129.49106764880196,6.37037037037037,17.11111111111111,1,Uninfected
0.1328,131.0618898606542,5.027777777777778,13.88888888888889,1,Uninfected
0.1376,123.02726302785264,2.074074074074074,7.444444444444445,1,Uninfected
0.136,113.51903936727985,9.055555555555555,17.11111111111111,1,Uninfected
0.1296,130.7044215037008,3.577777777777778,13.88888888888889,1,Uninfected
0.1248,129.8396457373272,2.171717171717172,7.444444444444445,1,Uninfected
0.1264,123.6501663165266,5.027777777777778,17.11111111111111,1,Uninfected
0.1456,122.06522224704042,3.685185185185185,13.88888888888889,1,Uninfected
0.1344,119.85726934114918,1.9666666666666668,7.444444444444445,1,Uninfected
0.136,117.4778903781192,2.8412698412698414,13.88888888888889,1,Uninfected
0.1312,127.50491408934708,2.611111111111111,7.444444444444445,1,Uninfected
0.1392,119.19192546583852,1.7160493827160497,7.444444444444445,1,Uninfected
0.1344,118.10271739130437,1.805555555555556,7.444444444444445,1,Uninfected
0.128,125.5381162507608,5.296296296296297,13.88888888888889,1,Uninfected
0.136,114.4924722104967,3.577777777777778,13.88888888888889,1,Uninfected
0.1376,115.39113707836472,4.222222222222222,13.88888888888889,1,Uninfected
0.1312,122.50904304029304,17.11111111111111,17.11111111111111,1,Uninfected
0.1264,125.41278307097488,6.37037037037037,17.11111111111111,1,Uninfected
0.1344,120.9936743518571,3.685185185185185,13.88888888888889,1,Uninfected
0.1344,115.53369963369964,5.511111111111111,13.88888888888889,1,Uninfected
0.1232,120.48788129174412,1.878787878787879,7.444444444444445,1,Uninfected
0.1328,123.12093851132686,13.88888888888889,13.88888888888889,1,Uninfected
0.1248,130.9159963611989,5.027777777777778,13.88888888888889,1,Uninfected
0.1328,126.59067780337942,1.878787878787879,7.444444444444445,1,Uninfected
0.1376,125.3818261249454,1.7435897435897434,7.444444444444445,1,Uninfected
0.1488,120.88691526919682,1.878787878787879,7.444444444444445,1,Uninfected
0.1344,123.68742671356998,17.11111111111111,17.11111111111111,1,Uninfected
0.1424,122.49926666666668,1.805555555555556,7.444444444444445,1,Uninfected
0.1408,119.62507051453342,1.6444444444444444,7.444444444444445,1,Uninfected
0.144,126.70376275510203,1.4296296296296296,7.444444444444445,1,Uninfected
0.1376,127.62281994595922,1.6444444444444444,7.444444444444445,1,Uninfected
0.1344,124.98415906127772,6.37037037037037,13.88888888888889,1,Uninfected
0.1344,132.30260492626803,4.222222222222222,13.88888888888889,1,Uninfected
0.1456,128.61424221711303,1.5858585858585856,7.444444444444445,1,Uninfected
0.152,124.83144211433496,5.027777777777778,13.88888888888889,1,Uninfected
0.136,134.8380379950628,1.7160493827160497,7.444444444444445,1,Uninfected
0.1392,127.55383631713556,3.1481481481481484,13.88888888888889,1,Uninfected
0.1296,138.3985273492286,3.577777777777778,13.88888888888889,1,Uninfected
0.1248,133.4349466776046,4.222222222222222,13.88888888888889,1,Uninfected
0.1456,131.55356659905345,13.88888888888889,13.88888888888889,1,Uninfected
