Uninfected_Edge_Density,Infected_Edge_Density,Parasitized_Avg_Colors,Uninfected_Avg_Colors,Infected_MeanBlobSize,Infected_MaxBlobSize,Uninfected_MeanBlobSize,Uninfected_MaxBlobSize
0.1408,0.1744,133.49183162035274,118.65380695443645,5.027777777777778,13.88888888888889,2.074074074074074,7.444444444444445
0.1328,0.1696,132.62103959216734,126.43302907369845,5.833333333333334,13.88888888888889,1.5858585858585856,7.444444444444445
0.1344,0.168,113.76902522764591,128.82064108790675,4.866666666666667,13.88888888888889,3.1481481481481484,13.88888888888889
0.128,0.184,121.01662245800176,129.87627976190475,3.1481481481481484,13.88888888888889,6.37037037037037,17.11111111111111
0.1376,0.1696,126.73193243965979,128.07335056975964,2.611111111111111,7.444444444444445,4.222222222222222,13.88888888888889
0.1424,0.1472,125.9595139494333,112.70514453699167,1.6444444444444444,7.444444444444445,5.296296296296297,13.88888888888889
0.128,0.1984,119.85739585090235,135.57733594089527,1.6444444444444444,7.444444444444445,3.3015873015873014,13.88888888888889
0.1328,0.2128,104.80063286648787,123.81246034767162,2.432098765432099,13.88888888888889,5.027777777777778,17.11111111111111
0.1392,0.1504,113.47487339306583,127.4805719334307,7.444444444444445,13.88888888888889,3.013888888888889,13.88888888888889
0.144,0.144,121.79888427763744,118.19551126235618,1.9206349206349207,7.444444444444445,2.611111111111111,13.88888888888889
0.144,0.1536,110.35141733549698,130.86125675730602,3.1481481481481484,13.88888888888889,3.6851851851851856,10.666666666666668
0.1456,0.1552,90.06342460970622,116.2961994809047,5.296296296296297,13.88888888888889,5.027777777777778,13.88888888888889
0.1456,0.1536,128.21914188394507,132.51002947191145,3.1481481481481484,13.88888888888889,1.4603174603174602,7.444444444444445
0.1632,0.1568,131.52266228952664,97.8263819311253,6.37037037037037,17.11111111111111,5.296296296296297,13.88888888888889
0.1392,0.1904,107.7536066612363,99.99930122127464,9.055555555555555,17.11111111111111,4.222222222222222,13.88888888888889
0.136,0.1408,109.46082165528806,131.10570680975093,5.296296296296297,13.88888888888889,3.1481481481481484,13.88888888888889
0.1488,0.1808,110.28069406570576,100.31694060733228,3.1481481481481484,13.88888888888889,3.1481481481481484,13.88888888888889
0.144,0.2048,122.57821908290876,94.6187834224599,7.444444444444445,13.88888888888889,3.1481481481481484,13.88888888888889
0.1376,0.1712,97.75866832435419,128.01287968441815,9.055555555555555,17.11111111111111,3.577777777777778,13.88888888888889
0.144,0.1888,121.98337010011879,124.21236987140233,12.277777777777779,13.88888888888889,1.5858585858585856,7.444444444444445
,,122.15254515599344,89.91867541061089,3.685185185185185,13.88888888888889,3.577777777777778,13.88888888888889
,,122.32431952662722,120.95631899505139,6.370370370370371,10.666666666666668,1.5858585858585856,7.444444444444445
,,124.07788531775019,122.96517235926629,1.6444444444444444,7.444444444444445,4.222222222222222,17.11111111111111
,,80.74382284382284,99.23465248009798,5.833333333333334,10.666666666666668,5.296296296296297,13.88888888888889
,,89.1508061902447,111.18159509202454,3.3015873015873014,13.88888888888889,1.8055555555555556,7.444444444444445
,,123.07769906052673,101.56457292139936,3.1481481481481484,13.88888888888889,5.027777777777778,13.88888888888889
,,126.99908125447693,123.82754100359735,5.027777777777778,13.88888888888889,3.1481481481481484,13.88888888888889
,,122.3575669944091,127.11613249048095,4.222222222222222,13.88888888888889,9.055555555555555,17.11111111111111
,,119.22813823857302,93.38923395445134,4.222222222222222,17.11111111111111,3.1481481481481484,13.88888888888889
,,119.68757713232866,122.92566153493306,13.88888888888889,13.88888888888889,4.222222222222222,13.88888888888889
,,78.99749069721896,125.65066751430388,2.2888888888888888,7.444444444444445,4.222222222222222,13.88888888888889
,,124.62458669938985,118.13095918237796,6.37037037037037,13.88888888888889,3.577777777777778,13.88888888888889
,,128.06143511722053,126.25757149993755,4.222222222222222,13.88888888888889,6.370370370370371,10.666666666666668
,,112.08927735481805,89.89447816432272,2.8412698412698414,13.88888888888889,5.027777777777778,13.88888888888889
,,116.04001768346596,111.41752344651186,7.444444444444445,13.88888888888889,13.88888888888889,13.88888888888889
,,98.80201131363923,101.7952009894867,9.055555555555555,17.11111111111111,17.11111111111111,17.11111111111111
,,117.09269776876268,143.875608842263,13.88888888888889,13.88888888888889,4.222222222222222,13.88888888888889
,,131.70876819671022,100.20287490937483,1.537037037037037,7.444444444444445,9.592592592592593,10.666666666666668
,,131.0963491254882,128.6734149054505,5.833333333333334,13.88888888888889,4.222222222222222,13.88888888888889
,,120.6672576523961,95.72119513691372,1.537037037037037,7.444444444444445,9.055555555555555,17.11111111111111
,,123.37695934752135,118.0730122324159,1.5858585858585856,7.444444444444445,3.685185185185185,13.88888888888889
,,100.55998893193137,122.19721541429838,2.432098765432099,13.88888888888889,4.222222222222222,13.88888888888889
,,104.51539222766054,100.8338738879554,3.577777777777778,13.88888888888889,4.222222222222222,13.88888888888889
,,94.71865117014548,90.46035312076961,5.296296296296297,13.88888888888889,3.577777777777778,10.666666666666668
,,130.67812377594987,119.96620408726871,1.9206349206349207,7.444444444444445,6.37037037037037,17.11111111111111
,,108.9499971500228,132.96223021582733,2.432098765432099,13.88888888888889,1.6444444444444444,7.444444444444445
,,72.86840601790135,106.01278877887789,1.5858585858585856,4.222222222222222,5.296296296296297,13.88888888888889
,,115.67694115862906,115.06065367693274,13.88888888888889,13.88888888888889,5.027777777777778,13.88888888888889
,,88.38630996440027,117.92641477369285,4.222222222222222,13.88888888888889,3.1481481481481484,13.88888888888889
,,118.17835617307448,99.49015852253262,3.3015873015873014,13.88888888888889,9.055555555555555,13.88888888888889
,,107.9491977184285,135.27689025250388,3.1481481481481484,13.88888888888889,3.577777777777778,13.88888888888889
,,78.38675176815595,124.56088783194609,5.296296296296297,13.88888888888889,4.222222222222222,13.88888888888889
,,97.01002506265664,108.08023592041516,2.8412698412698414,13.88888888888889,1.9206349206349207,7.444444444444445
,,112.6360119047619,127.19172798216276,3.577777777777778,13.88888888888889,1.537037037037037,7.444444444444445
,,105.06438591727758,115.04202431158521,2.9333333333333336,10.666666666666668,4.222222222222222,13.88888888888889
,,127.7641236850087,106.21323529411765,4.222222222222222,13.88888888888889,6.37037037037037,17.11111111111111
,,100.98843905031892,111.96302158273382,9.592592592592593,10.666666666666668,7.444444444444445,13.88888888888889
,,97.60067287784679,108.83390058217644,2.611111111111111,7.444444444444445,5.027777777777778,13.88888888888889
,,121.59723166585721,114.23124554237178,3.577777777777778,13.88888888888889,4.222222222222223,10.666666666666668
,,116.61804556354916,128.9725233897389,3.1481481481481484,13.88888888888889,1.8055555555555556,7.444444444444445
,,99.68752915565231,103.38787878787879,5.027777777777778,13.88888888888889,7.4444444444444455,13.88888888888889
,,118.98468629200119,112.97087396171904,1.8055555555555556,7.444444444444445,1.7160493827160495,7.444444444444445
,,125.30261094618254,112.5237278807891,6.37037037037037,13.88888888888889,13.88888888888889,13.88888888888889
,,123.48491262346684,120.55446470313231,2.074074074074074,7.444444444444445,5.833333333333334,13.88888888888889
,,128.49140271493212,100.88764044943821,3.577777777777778,13.88888888888889,3.577777777777778,13.88888888888889
,,112.68789647635802,128.72479989588078,9.055555555555557,10.666666666666668,2.8412698412698414,13.88888888888889
,,99.89206815511163,127.85388257575758,4.222222222222222,13.88888888888889,1.5858585858585856,7.444444444444445
,,119.4522711058264,131.9126308418104,3.685185185185185,13.88888888888889,3.685185185185185,17.11111111111111
,,103.29358496427461,119.79068454481299,3.3015873015873014,13.88888888888889,1.8055555555555556,7.444444444444445
,,115.87918594404054,123.11119013750593,5.296296296296297,13.88888888888889,4.222222222222222,13.88888888888889
,,118.60363913777431,116.02890442890443,3.577777777777778,13.88888888888889,9.592592592592593,13.88888888888889
,,129.5433829391443,113.31683209263855,3.577777777777778,13.88888888888889,1.537037037037037,7.444444444444445
,,118.5507829030893,109.58657557511194,9.055555555555555,17.11111111111111,4.222222222222222,13.88888888888889
,,124.52648944193062,127.85775147928994,1.537037037037037,7.444444444444445,1.9666666666666668,7.444444444444445
,,97.33020336977171,110.90955380577428,3.577777777777778,10.666666666666668,13.88888888888889,13.88888888888889
,,117.18056881084176,118.50128205128205,3.577777777777778,13.88888888888889,13.88888888888889,13.88888888888889
,,108.51021253922207,80.22699724517906,3.577777777777778,13.88888888888889,3.577777777777778,13.88888888888889
,,126.94914208598419,126.44321266968326,6.37037037037037,17.11111111111111,6.37037037037037,13.88888888888889
,,130.5265308879657,112.80268092236496,2.2888888888888888,13.88888888888889,2.2888888888888888,7.444444444444445
,,100.20319341328765,119.46464593031457,4.222222222222222,13.88888888888889,13.88888888888889,13.88888888888889
,,92.97508568795185,124.06609366719661,3.013888888888889,13.88888888888889,5.296296296296297,13.88888888888889
,,127.18842763626937,90.79901811924285,3.3015873015873014,13.88888888888889,3.6851851851851856,10.666666666666668
,,76.85259842519685,132.69603550295858,2.2888888888888888,13.88888888888889,1.537037037037037,7.444444444444445
,,130.46485726643598,91.5818721719457,3.3015873015873014,13.88888888888889,4.222222222222222,13.88888888888889
,,127.41635338345864,119.25505246793627,3.3015873015873014,13.88888888888889,1.5858585858585856,7.444444444444445
,,107.47478162862778,118.98652466025348,1.8055555555555556,7.444444444444445,4.222222222222222,13.88888888888889
,,114.60014224751068,123.36492829204694,4.866666666666666,17.11111111111111,3.3015873015873014,13.88888888888889
,,125.29438303984014,121.92940985557419,1.7160493827160495,7.444444444444445,2.611111111111111,13.88888888888889
,,120.78791200426276,94.46265040106952,4.222222222222222,13.88888888888889,1.9206349206349207,7.444444444444445
,,118.20475987798822,115.40489566613162,4.222222222222222,13.88888888888889,2.8412698412698414,13.88888888888889
,,117.98671833598304,106.42945151033386,2.0740740740740744,7.444444444444445,4.222222222222222,13.88888888888889
,,115.98319526627219,97.3764678471575,6.37037037037037,13.88888888888889,6.37037037037037,17.11111111111111
,,125.56703853955375,106.50186801560537,1.6444444444444444,7.444444444444445,1.8055555555555556,7.444444444444445
,,119.77818069376511,127.8742633103586,4.222222222222222,13.88888888888889,2.380952380952381,7.444444444444445
,,121.92599924585218,132.1673351366477,4.222222222222222,13.88888888888889,3.3015873015873014,13.88888888888889
,,129.39789081885857,119.06939307932686,4.866666666666667,13.88888888888889,1.5858585858585856,7.444444444444445
,,117.5363461264089,127.25539568345324,1.8055555555555556,7.444444444444445,5.027777777777778,17.11111111111111
,,124.4017063421037,126.8219248130907,1.6444444444444444,7.444444444444445,1.8055555555555556,7.444444444444445
,,108.9319540229885,121.22166204044639,3.577777777777778,13.88888888888889,1.9206349206349205,7.444444444444445
,,125.80784793308572,120.65969685902118,2.2083333333333335,7.444444444444445,2.8412698412698414,13.88888888888889
,,126.32755623721881,115.73161764705883,1.6444444444444444,7.444444444444445,3.577777777777778,13.88888888888889
,,124.56769406961111,111.62169485191068,5.027777777777778,17.11111111111111,3.3015873015873014,13.88888888888889
,,105.62305314065847,102.0700119047619,4.222222222222222,13.88888888888889,3.577777777777778,13.88888888888889
,,115.92126442867733,108.93250709845752,3.3015873015873014,17.11111111111111,6.37037037037037,17.11111111111111
,,124.8831842405786,129.56573224179277,5.296296296296297,13.88888888888889,3.761904761904762,13.88888888888889
,,100.80426306585247,117.16292086005805,2.8412698412698414,13.88888888888889,1.9914529914529915,7.444444444444445
,,111.08129288551824,117.89405860450057,9.055555555555555,13.88888888888889,2.1717171717171717,7.444444444444445
,,117.6798984837639,126.32569300069301,4.222222222222222,13.88888888888889,4.866666666666667,13.88888888888889
,,120.51737451737452,90.86248738138502,3.3015873015873014,13.88888888888889,6.37037037037037,17.11111111111111
,,117.09599379320073,95.28885675727781,3.3015873015873014,17.11111111111111,3.577777777777778,13.88888888888889
,,115.51539629936481,117.0059194499465,1.8055555555555556,7.444444444444445,2.7901234567901234,13.88888888888889
,,124.38802577482606,113.23598310291858,4.222222222222222,13.88888888888889,2.6111111111111116,7.444444444444445
,,112.2031525093726,124.0641139552923,2.2083333333333335,7.444444444444445,3.013888888888889,13.88888888888889
,,112.99340220087169,115.3504552918346,9.055555555555555,17.11111111111111,3.013888888888889,13.88888888888889
,,124.48712226410103,117.9486471171554,1.6904761904761902,7.444444444444445,2.432098765432099,13.88888888888889
,,122.80447476525822,101.07727966532873,3.3015873015873014,13.88888888888889,10.666666666666666,17.11111111111111
,,119.58624060150376,119.86800202839757,12.277777777777779,13.88888888888889,2.611111111111111,13.88888888888889
,,107.25803767556414,91.8164475901584,7.444444444444445,13.88888888888889,3.013888888888889,13.88888888888889
,,120.53084415584415,108.74100239936017,3.685185185185185,13.88888888888889,2.432098765432099,13.88888888888889
,,120.87172072192315,114.08672316384181,3.3015873015873014,13.88888888888889,3.577777777777778,13.88888888888889
,,100.85650097029408,114.49494287634408,6.37037037037037,17.11111111111111,4.222222222222222,13.88888888888889
,,111.11712180965846,117.39502164502164,5.027777777777779,10.666666666666668,4.222222222222222,17.11111111111111
,,101.17330949769092,105.78639542275906,7.444444444444445,13.88888888888889,3.685185185185185,13.88888888888889
,,111.85377757532375,105.28727585359863,4.222222222222222,13.88888888888889,3.1481481481481484,13.88888888888889
,,96.23474178403755,100.09501952555809,2.611111111111111,13.88888888888889,5.027777777777778,13.88888888888889
,,99.82872878295413,122.34364293871336,3.577777777777778,13.88888888888889,2.4646464646464645,7.444444444444445
,,130.81800981233363,93.32791222472959,3.1481481481481484,13.88888888888889,5.296296296296297,13.88888888888889
,,112.94053060413354,96.83128791084779,4.222222222222222,13.88888888888889,2.2083333333333335,7.444444444444445
,,123.64127503299478,97.69539507724149,3.577777777777778,13.88888888888889,5.027777777777778,13.88888888888889
,,126.16280033140016,106.2549394221808,4.866666666666667,13.88888888888889,2.2888888888888888,13.88888888888889
,,124.59132536490493,96.75058263248556,4.222222222222222,17.11111111111111,12.277777777777779,13.88888888888889
,,131.34856418918918,111.54169729641428,3.3015873015873014,13.88888888888889,3.685185185185185,13.88888888888889
,,116.80232144128748,97.2387485306668,15.5,17.11111111111111,9.592592592592593,10.666666666666668
,,124.5227331648195,119.1833090497005,2.8412698412698414,13.88888888888889,2.432098765432099,13.88888888888889
,,111.96754017531045,107.52367255174238,2.611111111111111,7.444444444444445,4.222222222222222,13.88888888888889
,,103.4365661609372,89.44272437114213,3.1481481481481484,13.88888888888889,4.222222222222222,13.88888888888889
,,125.16254218222723,111.14996186117467,5.027777777777778,13.88888888888889,4.222222222222222,13.88888888888889
,,112.26302389345868,102.48423588989627,17.11111111111111,17.11111111111111,2.8412698412698414,13.88888888888889
,,126.3541754831429,133.51811559009226,3.761904761904762,13.88888888888889,1.4603174603174602,7.444444444444445
,,100.05279091769158,127.72735536741561,3.577777777777778,13.88888888888889,5.027777777777778,17.11111111111111
,,103.23979992373775,129.947350843293,5.027777777777778,13.88888888888889,3.577777777777778,13.88888888888889
,,123.62354830738819,122.46749192289542,5.296296296296297,13.88888888888889,9.592592592592593,13.88888888888889
,,123.8979639379397,124.2572476843498,6.37037037037037,17.11111111111111,3.013888888888889,13.88888888888889
,,85.07741261398176,104.96773932205586,2.2888888888888888,10.666666666666668,3.3015873015873014,13.88888888888889
,,123.07690965613502,120.65044492345106,6.37037037037037,17.11111111111111,3.3015873015873014,13.88888888888889
,,110.3199841458581,92.04542522421292,3.577777777777778,13.88888888888889,1.537037037037037,4.222222222222222
,,130.88834065966927,110.79406674051509,5.296296296296297,13.88888888888889,3.1481481481481484,13.88888888888889
,,124.68220221099641,132.99257071249554,3.577777777777778,13.88888888888889,4.222222222222222,17.11111111111111
,,129.80436870694223,122.8031884057971,2.2888888888888888,7.444444444444445,1.7160493827160495,7.444444444444445
,,132.5482332982333,112.4607486797142,2.239316239316239,7.444444444444445,7.444444444444445,13.88888888888889
,,82.03038302277433,123.08830165130568,17.11111111111111,17.11111111111111,4.222222222222222,13.88888888888889
,,105.44186968658799,107.88240720404129,1.9206349206349207,4.222222222222222,4.222222222222222,13.88888888888889
,,115.495228800694,128.43023343373494,9.055555555555555,17.11111111111111,3.3015873015873014,13.88888888888889
,,126.56458485512539,103.4008658008658,1.7160493827160495,7.444444444444445,2.432098765432099,13.88888888888889
,,126.7525179856115,137.93684021444759,1.9666666666666668,7.444444444444445,1.6444444444444444,7.444444444444445
,,131.23895392207493,115.76630769230769,2.1717171717171717,7.444444444444445,2.611111111111111,7.444444444444445
,,106.97821631352998,134.31231086355862,3.577777777777778,13.88888888888889,13.88888888888889,13.88888888888889
,,127.47659337318878,127.43919365499009,5.296296296296297,13.88888888888889,3.1481481481481484,13.88888888888889
,,105.84955922865014,126.86089238845145,5.027777777777778,13.88888888888889,3.577777777777778,13.88888888888889
,,107.41392307692308,136.72897705968572,5.027777777777778,13.88888888888889,3.013888888888889,13.88888888888889
,,116.87217278457545,100.16210390919679,3.685185185185185,13.88888888888889,4.222222222222222,13.88888888888889
,,101.61400257400257,121.39546899841018,2.8412698412698414,13.88888888888889,1.6444444444444444,7.444444444444445
,,98.5146151586369,136.1982120186204,1.9206349206349207,7.444444444444445,3.685185185185185,13.88888888888889
,,87.41588851919431,118.25333565378814,4.222222222222222,13.88888888888889,5.027777777777778,13.88888888888889
,,120.18746506554155,129.36603038660667,5.296296296296297,13.88888888888889,3.1481481481481484,13.88888888888889
,,114.42448593073593,121.31774155445311,4.222222222222222,17.11111111111111,5.027777777777778,17.11111111111111
,,101.03476814475232,116.42266546494768,5.296296296296297,13.88888888888889,2.8412698412698414,13.88888888888889
,,120.04340391132668,104.59394377988733,1.6904761904761902,7.444444444444445,7.4444444444444455,10.666666666666668
,,73.4309187248658,126.85618512110727,3.1481481481481484,13.88888888888889,4.866666666666667,13.88888888888889
,,116.29575709511131,116.4446642775372,1.8055555555555556,7.444444444444445,1.9206349206349207,7.444444444444445
,,117.51826256818516,131.06209781209782,4.222222222222222,13.88888888888889,3.685185185185185,13.88888888888889
,,117.05876704748886,110.27258640862664,1.6444444444444444,7.444444444444445,3.013888888888889,13.88888888888889
,,119.04738472753782,118.86726788812052,7.4444444444444455,13.88888888888889,9.055555555555555,17.11111111111111
,,121.5401927662957,106.60430031815574,1.7160493827160495,7.444444444444445,5.027777777777778,13.88888888888889
,,122.03472357249336,115.87682880227099,1.7160493827160495,7.444444444444445,5.027777777777778,13.88888888888889
,,102.48380623721881,119.83704984154423,5.296296296296297,13.88888888888889,17.11111111111111,17.11111111111111
,,114.32273210489015,112.45006747638327,3.577777777777778,13.88888888888889,5.833333333333334,13.88888888888889
,,126.24578931924883,129.31741387290882,6.37037037037037,17.11111111111111,3.013888888888889,13.88888888888889
,,122.14986020503262,109.46524899132261,2.611111111111111,7.444444444444445,5.027777777777778,13.88888888888889
,,114.23733129615482,113.27944523470839,1.9206349206349207,7.444444444444445,4.222222222222222,13.88888888888889
,,129.36592785745327,108.44020916471722,5.027777777777778,17.11111111111111,2.8412698412698414,13.88888888888889
,,113.61296944643635,118.33996299722479,2.2888888888888888,7.444444444444445,4.222222222222222,13.88888888888889
,,73.46830151997172,119.87312030075188,5.027777777777778,13.88888888888889,5.833333333333334,13.88888888888889
,,116.67085185354901,130.49343832020998,2.611111111111111,13.88888888888889,1.7160493827160495,7.444444444444445
,,118.01283979178716,142.78336227569667,5.296296296296297,13.88888888888889,1.9666666666666668,7.444444444444445
,,129.9576103822824,125.74737950089909,1.8055555555555556,7.444444444444445,6.37037037037037,17.11111111111111
,,92.7207070884799,118.54197753194408,2.9333333333333336,7.444444444444445,5.296296296296297,13.88888888888889
,,106.89420829681566,123.73158374708684,4.222222222222222,13.88888888888889,1.537037037037037,7.444444444444445
,,101.45631303012088,131.6489238410596,3.577777777777778,13.88888888888889,1.7160493827160495,7.444444444444445
,,128.7495684893676,116.06187595053892,1.6444444444444444,7.444444444444445,3.1481481481481484,13.88888888888889
,,88.75449684005834,130.63501810016953,2.611111111111111,10.666666666666668,3.3015873015873014,13.88888888888889
,,103.780186702229,128.43199548166191,4.222222222222222,13.88888888888889,1.7160493827160495,7.444444444444445
,,125.20238548407562,105.71762889529923,1.9206349206349207,7.444444444444445,7.444444444444445,13.88888888888889
,,116.82606917400196,127.50651540003645,5.027777777777778,17.11111111111111,3.1481481481481484,13.88888888888889
,,63.94447322970639,138.45106669428336,3.1481481481481484,10.666666666666668,1.9666666666666668,7.444444444444445
,,120.78274894810659,129.7321540528437,7.444444444444444,17.11111111111111,1.7160493827160495,7.444444444444445
,,104.82273877292853,124.48684850525686,4.222222222222222,13.88888888888889,5.027777777777778,17.11111111111111
,,91.20986085094997,106.93197134142017,12.277777777777779,13.88888888888889,4.222222222222222,13.88888888888889
,,114.32411828367711,130.54225113122172,1.8055555555555556,7.444444444444445,1.8055555555555556,7.444444444444445
,,106.22787901958286,133.77883472057076,10.666666666666666,17.11111111111111,1.8055555555555556,7.444444444444445
,,115.45886192314764,134.19902562251895,6.37037037037037,13.88888888888889,5.027777777777778,17.11111111111111
,,113.37849392158692,131.2769863579335,5.027777777777778,17.11111111111111,1.7160493827160495,7.444444444444445
,,123.3499701848539,132.66590589597288,3.013888888888889,13.88888888888889,1.6444444444444444,7.444444444444445
,,119.8795367621493,139.102900664398,4.222222222222222,13.88888888888889,5.027777777777778,17.11111111111111
,,120.51366802968347,117.60606962705698,3.685185185185185,13.88888888888889,2.074074074074074,7.444444444444445
,,83.74634583563154,122.8329394915861,9.055555555555555,17.11111111111111,9.055555555555555,17.11111111111111
,,124.74793414103759,125.56420361247947,4.222222222222222,17.11111111111111,6.37037037037037,17.11111111111111
,,119.55499197764091,129.02531499439277,3.013888888888889,13.88888888888889,1.7160493827160495,7.444444444444445
,,85.69336569579288,122.13446508979867,5.027777777777778,13.88888888888889,1.6444444444444444,7.444444444444445
,,130.03889853634334,112.83642334676817,3.577777777777778,13.88888888888889,9.055555555555555,17.11111111111111
,,108.63269988738739,139.65638665538157,17.11111111111111,17.11111111111111,1.6444444444444444,7.444444444444445
,,117.39803710995764,117.20453214398343,3.6851851851851856,10.666666666666668,17.11111111111111,17.11111111111111
,,114.95641359036689,133.37728955894994,5.833333333333334,13.88888888888889,1.9206349206349207,7.444444444444445
,,133.49766481395707,125.17177684470917,2.432098765432099,13.88888888888889,1.537037037037037,7.444444444444445
,,92.31829091513985,129.3411856113205,5.296296296296297,13.88888888888889,1.5858585858585856,7.444444444444445
,,107.74043216148479,121.89560210876803,4.222222222222222,13.88888888888889,5.027777777777779,10.666666666666668
,,102.8145298585647,131.74944267515923,3.577777777777778,13.88888888888889,5.296296296296297,13.88888888888889
,,110.99078552471661,130.56635108481262,4.222222222222222,13.88888888888889,1.5858585858585856,7.444444444444445
,,109.45304756737204,128.1018286498419,5.027777777777778,17.11111111111111,1.4957264957264955,7.444444444444445
,,130.73766697732216,127.97353860267768,4.866666666666667,13.88888888888889,6.37037037037037,17.11111111111111
,,116.59345238095239,107.59180344845441,3.3015873015873014,13.88888888888889,2.611111111111111,13.88888888888889
,,128.77557899090158,118.55981359649122,3.1481481481481484,13.88888888888889,2.074074074074074,7.444444444444445
,,133.29855703160788,134.6440182334222,3.577777777777778,13.88888888888889,1.9666666666666668,7.444444444444445
,,110.56676319176319,104.7199503974066,9.055555555555555,13.88888888888889,3.685185185185185,13.88888888888889
,,122.91355838406199,131.8895600475624,1.4957264957264955,7.444444444444445,6.37037037037037,13.88888888888889
,,124.78746613954169,130.2956081081081,5.296296296296297,13.88888888888889,2.2083333333333335,7.444444444444445
,,123.67684614168247,134.05946455505278,1.5858585858585856,7.444444444444445,1.537037037037037,7.444444444444445
,,128.28337042596138,134.81302790346908,4.222222222222222,17.11111111111111,4.222222222222222,17.11111111111111
,,117.97084178498986,136.18992333775614,3.577777777777778,13.88888888888889,2.0740740740740744,7.444444444444445
,,117.48196707750849,123.66451406649617,2.8412698412698414,13.88888888888889,1.8055555555555556,7.444444444444445
,,118.9398807293618,114.22604651162791,3.577777777777778,13.88888888888889,3.013888888888889,13.88888888888889
,,120.2881386766464,133.91653106508875,5.027777777777778,13.88888888888889,3.685185185185185,13.88888888888889
,,120.6272438552886,116.53822629969419,4.222222222222222,17.11111111111111,9.055555555555557,10.666666666666668
,,125.49488133631026,117.99869677385037,4.222222222222222,13.88888888888889,5.027777777777778,13.88888888888889
,,117.06329876388016,130.79838781907748,2.611111111111111,13.88888888888889,1.6444444444444444,7.444444444444445
,,108.4109952194698,127.34841277244038,1.8055555555555556,7.444444444444445,4.222222222222222,13.88888888888889
,,120.13567860469054,125.11037059922614,5.027777777777778,13.88888888888889,3.1481481481481484,13.88888888888889
,,111.12195277926995,135.10974242188982,4.222222222222222,13.88888888888889,1.5858585858585856,7.444444444444445
,,127.1698717948718,129.6768607221813,1.8055555555555556,7.444444444444445,3.1481481481481484,13.88888888888889
,,116.78738048522222,119.82830470500373,3.3015873015873014,13.88888888888889,4.222222222222222,13.88888888888889
,,113.88123334602207,129.94482913669066,4.222222222222222,13.88888888888889,4.222222222222222,13.88888888888889
,,114.40431316918297,118.05736313236314,2.1717171717171713,7.444444444444445,2.611111111111111,7.444444444444445
,,110.38291900561347,114.96390562248996,13.88888888888889,13.88888888888889,8.518518518518519,13.88888888888889
,,107.4370679926647,130.39785391566264,13.88888888888889,13.88888888888889,1.4957264957264955,7.444444444444445
,,104.89393939393939,108.23633861287848,2.074074074074074,7.444444444444445,4.222222222222223,10.666666666666668
,,115.56653225806451,112.2395097631907,2.432098765432099,13.88888888888889,4.222222222222222,13.88888888888889
,,104.25856895760528,82.35288718484954,3.3015873015873014,13.88888888888889,3.1481481481481484,10.666666666666668
,,110.19263381028087,119.24668342410278,4.222222222222222,13.88888888888889,1.8055555555555556,7.444444444444445
,,116.76791953569288,104.36257335680752,3.1481481481481484,13.88888888888889,2.2888888888888888,7.444444444444445
,,112.42711716651903,122.46342149294864,4.866666666666667,13.88888888888889,1.5858585858585856,7.444444444444445
,,99.93946238358151,115.77054898392478,3.577777777777778,10.666666666666668,4.222222222222222,13.88888888888889
,,116.91766774891775,116.8457824933687,9.592592592592593,13.88888888888889,4.222222222222222,13.88888888888889
,,119.29772507594588,81.49855973317162,3.685185185185185,13.88888888888889,3.1481481481481484,10.666666666666668
,,112.7106518282989,124.07879994102905,3.685185185185185,17.11111111111111,4.222222222222222,13.88888888888889
,,93.64475127301215,103.68643893466923,1.9206349206349207,7.444444444444445,9.592592592592593,17.11111111111111
,,115.93094505243958,127.8852378341137,2.8412698412698414,13.88888888888889,3.1481481481481484,13.88888888888889
,,105.33894159059722,117.3054475338648,2.8412698412698414,13.88888888888889,1.7160493827160495,7.444444444444445
,,97.77419445616998,76.44367937078783,2.2888888888888888,7.444444444444445,12.277777777777779,13.88888888888889
,,101.2880992804592,128.20919772867825,4.222222222222222,13.88888888888889,5.027777777777778,13.88888888888889
,,97.22086466165413,121.26854161291247,3.685185185185185,13.88888888888889,3.013888888888889,13.88888888888889
,,89.83109022288684,127.02861375456902,4.222222222222222,13.88888888888889,4.222222222222222,13.88888888888889
,,100.47006353861192,124.03611202096299,3.1481481481481484,13.88888888888889,1.8055555555555556,7.444444444444445
,,98.14023627723589,123.5168859837734,3.1481481481481484,13.88888888888889,1.8055555555555556,7.444444444444445
,,120.17308467741935,129.46877510040161,4.866666666666667,13.88888888888889,3.3015873015873014,13.88888888888889
,,113.41655063046338,126.14830692761727,3.577777777777778,13.88888888888889,9.055555555555555,17.11111111111111
,,113.320399216491,125.05751879699248,5.027777777777778,17.11111111111111,3.577777777777778,13.88888888888889
,,122.38253896882495,119.94728611783697,3.1481481481481484,13.88888888888889,4.222222222222222,13.88888888888889
,,124.18179487179488,126.04545938951054,4.866666666666667,13.88888888888889,3.577777777777778,13.88888888888889
,,114.54103188037806,122.61673850574712,1.878787878787879,7.444444444444445,3.1481481481481484,13.88888888888889
,,124.39175115265267,123.51610786554906,3.577777777777778,13.88888888888889,4.222222222222222,13.88888888888889
,,124.85899387968354,122.31121018678016,1.878787878787879,7.444444444444445,1.9206349206349207,7.444444444444445
,,122.93654563446754,131.12440479448307,4.222222222222222,17.11111111111111,3.7619047619047623,13.88888888888889
,,114.68894180430304,119.21173708920188,3.577777777777778,13.88888888888889,13.88888888888889,13.88888888888889
,,115.0465509113765,125.29163137587051,4.222222222222222,13.88888888888889,6.37037037037037,17.11111111111111
,,127.73789196521184,127.36664647688269,4.222222222222222,13.88888888888889,1.7160493827160495,7.444444444444445
,,116.50325191501662,108.17145082331999,5.296296296296297,13.88888888888889,6.37037037037037,13.88888888888889
,,127.00127195639007,118.9017362874969,2.8412698412698414,13.88888888888889,3.1481481481481484,13.88888888888889
,,127.58300893886967,118.00216761084071,2.2083333333333335,7.444444444444445,9.055555555555555,17.11111111111111
,,122.58596479132193,126.29954247779672,2.8412698412698414,13.88888888888889,5.027777777777778,13.88888888888889
,,113.70252569298381,119.42410660205935,4.222222222222222,13.88888888888889,1.9206349206349207,7.444444444444445
,,127.45953346855984,121.18977076124567,3.3015873015873014,13.88888888888889,1.8055555555555556,7.444444444444445
,,115.96699647600975,98.66199134199134,5.027777777777779,10.666666666666668,6.37037037037037,13.88888888888889
,,122.94560141360596,114.03326196285416,1.9206349206349207,7.444444444444445,6.37037037037037,13.88888888888889
,,113.47361441375526,117.74494334427618,2.8412698412698414,10.666666666666668,3.577777777777778,13.88888888888889
,,108.03030597377368,121.43986095527248,15.5,17.11111111111111,7.444444444444445,13.88888888888889
,,111.43548387096774,125.9028404084383,9.592592592592593,10.666666666666668,3.577777777777778,13.88888888888889
,,103.12475908843477,126.83590255443421,4.222222222222222,13.88888888888889,2.074074074074074,7.444444444444445
,,114.30483744614179,116.67476536789502,5.027777777777779,10.666666666666668,4.222222222222222,13.88888888888889
,,113.32816274634456,115.76511980588414,3.1481481481481484,13.88888888888889,5.027777777777778,13.88888888888889
,,130.79359490274985,98.36979002127167,3.577777777777778,13.88888888888889,4.222222222222222,13.88888888888889
,,134.57484282843996,124.67100913863504,13.88888888888889,13.88888888888889,3.577777777777778,13.88888888888889
,,126.9257542426147,121.79473536036036,3.685185185185185,13.88888888888889,13.88888888888889,13.88888888888889
,,115.52324700893533,115.75714072748957,4.222222222222222,17.11111111111111,17.11111111111111,17.11111111111111
,,123.20465969839623,129.437174817898,1.7160493827160495,7.444444444444445,5.027777777777778,13.88888888888889
,,107.35420364891519,123.53132304815334,3.685185185185185,13.88888888888889,3.577777777777778,13.88888888888889
,,135.42014021063318,127.70893295893296,2.380952380952381,7.444444444444445,9.592592592592593,13.88888888888889
,,131.30425086682246,125.56379892945785,5.833333333333334,13.88888888888889,4.222222222222222,13.88888888888889
,,123.29524394963914,118.62030816686688,5.296296296296297,13.88888888888889,5.027777777777778,17.11111111111111
,,95.13051643192489,114.32914103440419,5.027777777777778,13.88888888888889,6.37037037037037,17.11111111111111
,,115.52027298850575,119.47574951018447,6.37037037037037,17.11111111111111,5.296296296296297,13.88888888888889
,,108.65535827520608,119.84497407834101,5.027777777777778,17.11111111111111,1.9206349206349207,7.444444444444445
,,113.1119877157683,109.97125870450664,3.685185185185185,13.88888888888889,9.055555555555555,17.11111111111111
,,124.26637799286806,123.77376931369027,13.88888888888889,13.88888888888889,5.027777777777778,13.88888888888889
,,114.42753904984122,125.56313493738567,5.027777777777778,13.88888888888889,1.8787878787878787,7.444444444444445
,,119.52726616106898,122.78188478188478,4.222222222222222,13.88888888888889,3.577777777777778,13.88888888888889
,,118.23517382413088,119.22355889724311,3.685185185185185,17.11111111111111,1.8055555555555556,7.444444444444445
,,80.08790136181909,124.00935337370242,5.296296296296297,13.88888888888889,1.7160493827160495,7.444444444444445
,,129.5358058053394,127.95047230848861,3.685185185185185,13.88888888888889,3.1481481481481484,13.88888888888889
,,134.30880821078432,98.68586485977791,4.222222222222222,13.88888888888889,3.685185185185185,13.88888888888889
,,96.94209636517328,126.93746034767162,2.611111111111111,7.444444444444445,5.027777777777778,13.88888888888889
,,115.80231422929286,126.02983645791782,3.685185185185185,13.88888888888889,1.6444444444444444,7.444444444444445
,,121.46838031026626,123.80397334990334,3.685185185185185,13.88888888888889,1.537037037037037,7.444444444444445
,,119.79007062733693,116.01250896342921,2.8412698412698414,13.88888888888889,4.866666666666667,13.88888888888889
,,122.14369893148962,114.78484284532672,5.027777777777778,17.11111111111111,1.4957264957264955,7.444444444444445
,,124.00499524673754,135.53643100557147,3.685185185185185,13.88888888888889,3.685185185185185,13.88888888888889
,,121.49813381884388,129.69546084546084,3.577777777777778,13.88888888888889,2.074074074074074,7.444444444444445
,,114.81308872342335,126.01874232375337,1.9206349206349207,7.444444444444445,3.577777777777778,13.88888888888889
,,115.62387387387388,121.15970933828076,3.685185185185185,13.88888888888889,1.8055555555555556,7.444444444444445
,,115.46310544085183,103.46769790718835,3.577777777777778,13.88888888888889,9.592592592592593,10.666666666666668
,,127.45241965004759,125.21485909234254,4.222222222222222,13.88888888888889,1.8055555555555556,7.444444444444445
,,119.42388014527845,130.55535566583953,5.296296296296297,13.88888888888889,5.027777777777778,13.88888888888889
,,117.73116800677106,111.60593652631869,5.027777777777778,13.88888888888889,4.866666666666667,13.88888888888889
,,124.86018025195439,127.84119179476562,1.5858585858585856,7.444444444444445,4.222222222222222,13.88888888888889
,,131.67068383509752,124.80006791873376,1.537037037037037,7.444444444444445,3.3015873015873014,13.88888888888889
,,127.55081546360616,132.27034147330022,1.6444444444444444,7.444444444444445,6.37037037037037,17.11111111111111
,,115.30272108843538,131.63989748890899,9.592592592592593,10.666666666666668,2.611111111111111,13.88888888888889
,,122.72616253802694,132.89949330857894,13.88888888888889,13.88888888888889,4.222222222222222,13.88888888888889
,,94.03773369813041,129.1662170263789,9.592592592592593,10.666666666666668,1.6444444444444444,7.444444444444445
,,119.515504511895,112.19299783200331,5.027777777777778,13.88888888888889,7.4444444444444455,13.88888888888889
,,114.09241231703949,126.82401960784314,4.222222222222222,13.88888888888889,5.027777777777778,17.11111111111111
,,120.79836291913215,130.26141439205955,1.9206349206349207,7.444444444444445,3.577777777777778,13.88888888888889
,,121.39878844361603,123.82450574973092,5.027777777777778,17.11111111111111,5.296296296296297,13.88888888888889
,,125.07051798775937,125.87380533199195,1.7160493827160495,7.444444444444445,10.666666666666666,17.11111111111111
,,121.52274799878407,134.59834651563975,1.9206349206349207,7.444444444444445,4.222222222222222,13.88888888888889
,,129.42094234188468,115.2532309322034,3.1481481481481484,13.88888888888889,3.685185185185185,13.88888888888889
,,118.83087017968907,129.96911230467052,1.7160493827160495,7.444444444444445,3.577777777777778,13.88888888888889
,,126.79086021505377,117.96566077003122,3.3015873015873014,13.88888888888889,1.9206349206349207,7.444444444444445
,,111.5909845035123,114.51319839567205,1.6444444444444444,7.444444444444445,13.88888888888889,13.88888888888889
,,126.36710158434296,127.11487351472206,3.1481481481481484,13.88888888888889,5.027777777777778,17.11111111111111
,,119.60772219524041,141.90190065121914,17.11111111111111,17.11111111111111,2.380952380952381,7.444444444444445
,,123.54376917674023,120.27132352941176,1.9206349206349207,7.444444444444445,1.9206349206349207,7.444444444444445
,,124.25897435897436,123.46902337858221,3.685185185185185,13.88888888888889,4.866666666666667,13.88888888888889
,,124.06222879684418,125.46410092524957,6.37037037037037,17.11111111111111,3.3015873015873014,13.88888888888889
,,122.21706772513024,120.88137976673009,2.2888888888888888,7.444444444444445,9.055555555555555,17.11111111111111
,,121.76765596608116,124.28834915997078,6.37037037037037,13.88888888888889,7.444444444444445,13.88888888888889
,,128.71520536284316,121.40021702673374,3.577777777777778,13.88888888888889,1.6444444444444444,7.444444444444445
,,119.42621991756415,113.47359406952965,4.222222222222222,13.88888888888889,1.7160493827160495,7.444444444444445
,,128.7188585017836,129.2913867741454,6.37037037037037,17.11111111111111,3.3015873015873014,13.88888888888889
,,130.68707223259233,123.47533163084344,5.296296296296297,13.88888888888889,5.833333333333334,13.88888888888889
,,128.7890574214518,130.14405579165305,9.055555555555555,17.11111111111111,4.222222222222222,13.88888888888889
,,122.60972701149426,125.18126953875988,3.685185185185185,13.88888888888889,5.027777777777778,17.11111111111111
,,129.24572116625097,119.69498359759432,1.4603174603174602,7.444444444444445,3.577777777777778,13.88888888888889
,,124.0772309304874,125.25869822485207,2.074074074074074,7.444444444444445,3.761904761904762,13.88888888888889
,,126.91753597122302,100.29205851619645,6.370370370370371,10.666666666666668,9.592592592592593,10.666666666666668
,,118.27821736762134,121.77380694925029,4.222222222222222,13.88888888888889,2.611111111111111,7.444444444444445
,,116.90984284532672,116.08039654144305,9.055555555555555,17.11111111111111,9.592592592592593,10.666666666666668
,,131.5219052470708,114.79946006749157,1.6444444444444444,7.444444444444445,9.055555555555555,17.11111111111111
,,126.358755484643,112.80286585798397,3.685185185185185,13.88888888888889,2.8412698412698414,13.88888888888889
,,130.01310843217317,116.73590417762198,1.7160493827160495,7.444444444444445,3.577777777777778,13.88888888888889
,,122.68711891782758,128.35965309200603,5.027777777777778,17.11111111111111,3.685185185185185,13.88888888888889
,,110.47310166104658,127.30793534422567,1.7160493827160495,7.444444444444445,4.222222222222222,13.88888888888889
,,99.91867598801541,116.2665006947661,9.055555555555555,17.11111111111111,12.277777777777779,13.88888888888889
,,128.52795333009237,129.54373449131515,3.685185185185185,13.88888888888889,2.0740740740740744,7.444444444444445
,,127.04287848301932,126.99010369169453,3.577777777777778,13.88888888888889,3.013888888888889,13.88888888888889
,,116.95872564935065,126.16755383134849,2.074074074074074,7.444444444444445,5.027777777777779,10.666666666666668
,,109.74333482609345,118.38934315448033,17.11111111111111,17.11111111111111,2.8412698412698414,13.88888888888889
,,114.23364447037252,128.3592478020189,2.611111111111111,13.88888888888889,3.3015873015873014,13.88888888888889
,,99.82841895497687,112.98189423189423,5.296296296296297,13.88888888888889,3.013888888888889,13.88888888888889
,,128.8462136455094,100.7476482617587,1.6444444444444444,7.444444444444445,5.296296296296297,13.88888888888889
,,119.53515406162465,124.57522487557645,3.1481481481481484,7.444444444444445,4.222222222222222,13.88888888888889
,,90.78249069478908,125.56600014106363,5.296296296296297,13.88888888888889,4.222222222222222,13.88888888888889
,,100.81599257884972,122.2375656167979,9.592592592592593,10.666666666666668,9.592592592592593,10.666666666666668
,,94.07094606542883,128.43256154243414,2.074074074074074,7.444444444444445,4.222222222222222,13.88888888888889
,,106.44852892671021,120.53348956255817,10.666666666666668,10.666666666666668,3.577777777777778,13.88888888888889
,,122.71361802542437,129.77832612472736,5.296296296296297,13.88888888888889,1.9666666666666668,7.444444444444445
,,96.78762220992436,125.49288017861574,2.2888888888888888,7.444444444444445,7.444444444444445,13.88888888888889
,,120.00743900019837,122.02194440429734,3.6851851851851856,10.666666666666668,8.518518518518519,13.88888888888889
,,120.99950363781235,117.87344149616368,1.5858585858585856,7.444444444444445,1.9206349206349207,7.444444444444445
,,117.41301978537894,133.45013440860214,3.685185185185185,13.88888888888889,12.277777777777779,13.88888888888889
,,123.54741938097553,117.42322437449556,2.432098765432099,13.88888888888889,13.88888888888889,13.88888888888889
,,124.68088509730738,107.88652224287985,1.5858585858585856,7.444444444444445,5.027777777777778,13.88888888888889
,,124.37865458100062,120.24844074844074,2.8412698412698414,13.88888888888889,9.055555555555555,17.11111111111111
,,132.9460770528684,107.87110632183908,4.222222222222222,13.88888888888889,4.222222222222223,10.666666666666668
,,124.42037124429763,103.40165245616487,4.222222222222222,17.11111111111111,4.222222222222222,7.444444444444445
,,112.54738630684658,132.53125918243884,3.1481481481481484,13.88888888888889,1.537037037037037,7.444444444444445
,,123.26068043111285,141.85670804487944,1.6444444444444444,7.444444444444445,4.222222222222222,13.88888888888889
,,134.22448038589772,114.75224127083989,1.537037037037037,7.444444444444445,9.055555555555555,17.11111111111111
,,137.02660702015993,126.33237614572457,9.055555555555555,17.11111111111111,5.027777777777778,13.88888888888889
,,133.30381019167837,134.2924807337458,4.222222222222222,13.88888888888889,5.027777777777778,13.88888888888889
,,127.12453421877882,126.24037928357546,1.6444444444444444,7.444444444444445,4.222222222222222,13.88888888888889
,,124.68016815694648,123.54622587150676,1.6444444444444444,7.444444444444445,9.592592592592593,13.88888888888889
,,130.7384543616856,126.19649026680669,2.074074074074074,7.444444444444445,6.37037037037037,17.11111111111111
,,123.94315550041357,123.12584303874553,1.5858585858585856,7.444444444444445,5.027777777777778,17.11111111111111
,,128.60195542837323,114.44577090764962,1.5858585858585856,7.444444444444445,13.88888888888889,13.88888888888889
,,120.40171174255391,131.18313745780668,1.5858585858585856,7.444444444444445,4.222222222222222,13.88888888888889
,,120.74243761534142,134.2882309900377,1.8055555555555556,7.444444444444445,8.518518518518519,13.88888888888889
,,116.38643041971844,132.71530385624874,9.055555555555555,17.11111111111111,3.577777777777778,13.88888888888889
,,131.82600550964187,122.1456390927726,2.8412698412698414,13.88888888888889,9.055555555555555,13.88888888888889
,,117.37546925566343,123.56541532427511,4.222222222222222,17.11111111111111,1.5858585858585856,7.444444444444445
,,106.66362355051572,118.27591954022988,2.074074074074074,7.444444444444445,2.2888888888888888,7.444444444444445
,,120.08856397839449,126.56258577103648,3.1481481481481484,13.88888888888889,3.577777777777778,13.88888888888889
,,112.50142857142858,133.3888933982684,9.055555555555555,13.88888888888889,3.013888888888889,13.88888888888889
,,115.93678370683992,129.16595634095634,3.416666666666667,7.444444444444445,13.88888888888889,13.88888888888889
,,119.91063829787234,127.82780265472573,4.222222222222222,13.88888888888889,9.055555555555555,17.11111111111111
,,115.16298387096774,132.040578817734,13.88888888888889,13.88888888888889,3.1481481481481484,13.88888888888889
,,121.14412642547832,137.45475669764897,2.611111111111111,13.88888888888889,1.8055555555555554,7.444444444444445
,,126.84058977921877,125.57233626588466,1.7160493827160495,7.444444444444445,1.6444444444444444,7.444444444444445
,,130.58720178372351,135.85403294277467,1.4296296296296296,7.444444444444445,2.611111111111111,13.88888888888889
,,105.41358654958819,141.48176718092566,7.444444444444445,13.88888888888889,2.0740740740740744,7.444444444444445
,,127.19702383788334,127.36937775600197,3.3015873015873014,13.88888888888889,2.611111111111111,13.88888888888889
,,125.72739524626317,131.0882582254795,4.222222222222222,13.88888888888889,5.027777777777778,13.88888888888889
,,107.96241230034333,139.68154761904762,4.222222222222222,13.88888888888889,5.833333333333334,13.88888888888889
,,130.36928733031675,142.20206611570248,3.1481481481481484,13.88888888888889,4.222222222222222,13.88888888888889
,,121.72995502248875,134.99644708486224,5.027777777777778,13.88888888888889,3.577777777777778,13.88888888888889
,,129.15481136217787,131.49486392036428,6.37037037037037,17.11111111111111,1.5858585858585856,7.444444444444445
,,121.72891688681162,128.32285310734463,4.222222222222222,13.88888888888889,1.4957264957264955,7.444444444444445
,,131.69276746242264,143.92704530087897,2.432098765432099,13.88888888888889,5.296296296296297,13.88888888888889
,,101.90060240963855,134.85702966374487,3.685185185185185,13.88888888888889,1.7160493827160495,7.444444444444445
,,120.81417480591034,112.5766369047619,6.37037037037037,17.11111111111111,3.577777777777778,13.88888888888889
,,126.7455669267403,133.3907742328795,4.222222222222222,13.88888888888889,4.222222222222222,13.88888888888889
,,132.40149669949523,133.55737365368682,3.1481481481481484,13.88888888888889,1.8055555555555556,7.444444444444445
,,125.42422090729784,136.11604770237864,1.4603174603174602,7.444444444444445,1.6444444444444444,7.444444444444445
,,121.13611500701262,129.98260885236448,1.9206349206349207,7.444444444444445,3.3015873015873014,13.88888888888889
,,116.90206896551724,140.49960978147763,4.222222222222223,10.666666666666668,3.1481481481481484,13.88888888888889
,,131.49901613537978,137.42602006688963,1.7435897435897434,7.444444444444445,3.685185185185185,13.88888888888889
,,126.1784320438206,130.2761960916442,2.7901234567901234,13.88888888888889,5.027777777777778,13.88888888888889
,,129.49122695486332,96.5606884057971,1.878787878787879,7.444444444444445,4.222222222222222,13.88888888888889
,,103.03184326710817,133.7895988420182,7.444444444444445,13.88888888888889,1.8055555555555556,7.444444444444445
,,112.32508506697678,140.2316899979712,3.685185185185185,13.88888888888889,3.1481481481481484,13.88888888888889
,,111.62309029518939,127.21593552225889,5.027777777777778,13.88888888888889,4.866666666666667,13.88888888888889
,,110.60629843232851,122.8882571362265,2.2888888888888888,7.444444444444445,4.222222222222222,17.11111111111111
,,107.0314799738199,133.36251324433144,3.685185185185185,13.88888888888889,1.4957264957264955,7.444444444444445
,,112.32341710500683,116.61526705276705,4.222222222222222,13.88888888888889,4.222222222222222,13.88888888888889
,,117.3905499285807,134.11973002243366,4.222222222222223,10.666666666666668,13.88888888888889,13.88888888888889
,,123.56969481340923,128.2531328320802,2.8412698412698414,13.88888888888889,4.222222222222222,13.88888888888889
,,126.22722313147845,135.1740505108926,5.833333333333334,13.88888888888889,5.296296296296297,13.88888888888889
,,105.79266903590305,127.65001114827201,9.592592592592593,13.88888888888889,1.8055555555555556,7.444444444444445
,,119.69530548068283,124.5308499432831,4.222222222222222,13.88888888888889,3.685185185185185,13.88888888888889
,,117.00549450549451,112.92545931758531,5.027777777777778,17.11111111111111,5.027777777777778,13.88888888888889
,,107.74167082087072,133.1670363387675,6.37037037037037,17.11111111111111,3.685185185185185,13.88888888888889
,,125.2377052545156,150.88492235464065,3.577777777777778,13.88888888888889,3.1481481481481484,13.88888888888889
,,113.63636174808907,126.1663016621743,5.027777777777778,13.88888888888889,9.055555555555555,17.11111111111111
,,117.71062550120288,127.36244700181707,5.027777777777779,10.666666666666668,1.7160493827160495,7.444444444444445
,,118.41664973243921,129.17242596093257,3.013888888888889,13.88888888888889,4.222222222222222,17.11111111111111
,,118.7132399901744,137.61718813161937,3.577777777777778,13.88888888888889,3.1481481481481484,13.88888888888889
,,118.86494325701895,138.18213200773266,2.611111111111111,7.444444444444445,3.685185185185185,13.88888888888889
,,114.71798267957209,132.47177597641857,1.7160493827160495,7.444444444444445,13.88888888888889,13.88888888888889
,,110.92857142857143,108.62774107057359,9.055555555555557,10.666666666666668,4.222222222222222,13.88888888888889
,,109.65201839550332,130.73580640872225,7.4444444444444455,13.88888888888889,1.8055555555555556,7.444444444444445
,,114.77607343346989,125.28152032871972,3.013888888888889,13.88888888888889,3.577777777777778,13.88888888888889
,,129.80368842868842,133.8992887985776,8.518518518518519,13.88888888888889,3.577777777777778,13.88888888888889
,,102.26146271568807,136.94856489712978,3.1481481481481484,7.444444444444445,2.8412698412698414,13.88888888888889
,,121.74447944184786,125.28446136979979,5.027777777777778,13.88888888888889,2.432098765432099,13.88888888888889
,,121.11794871794872,134.81763656633223,5.027777777777778,13.88888888888889,1.8055555555555556,7.444444444444445
,,119.80743594101097,120.57206891721529,4.222222222222222,13.88888888888889,1.7160493827160495,7.444444444444445
,,108.6413564929694,122.37920489296636,9.055555555555557,10.666666666666668,1.7160493827160495,7.444444444444445
,,85.17913715559425,124.93561125960173,3.416666666666667,10.666666666666668,3.013888888888889,13.88888888888889
,,98.52675157171561,125.81358490566038,4.222222222222222,13.88888888888889,3.577777777777778,13.88888888888889
,,128.17985611510792,117.44519874065328,7.444444444444445,13.88888888888889,2.2888888888888888,7.444444444444445
,,117.07275520178746,126.03165113871636,3.1481481481481484,13.88888888888889,1.6444444444444444,7.444444444444445
,,126.1883052702178,129.49106764880196,1.537037037037037,7.444444444444445,6.37037037037037,17.11111111111111
,,127.20125692549409,131.0618898606542,1.4957264957264955,7.444444444444445,5.027777777777778,13.88888888888889
,,124.28057503506311,123.02726302785265,6.37037037037037,17.11111111111111,2.074074074074074,7.444444444444445
,,124.79173228346457,113.51903936727983,3.013888888888889,13.88888888888889,9.055555555555555,17.11111111111111
,,118.75121753246754,130.70442150370081,3.1481481481481484,13.88888888888889,3.577777777777778,13.88888888888889
,,116.90723270440252,129.8396457373272,2.611111111111111,13.88888888888889,2.1717171717171717,7.444444444444445
,,119.33761040821199,123.65016631652661,4.222222222222222,13.88888888888889,5.027777777777778,17.11111111111111
,,115.58354958294717,122.06522224704042,4.866666666666667,13.88888888888889,3.685185185185185,13.88888888888889
,,126.26374950806769,119.85726934114918,3.685185185185185,13.88888888888889,1.9666666666666668,7.444444444444445
,,125.83636277122193,117.47789037811921,5.027777777777778,17.11111111111111,2.8412698412698414,13.88888888888889
,,113.71973160612988,127.50491408934708,5.027777777777778,17.11111111111111,2.611111111111111,7.444444444444445
,,112.92575176527879,119.19192546583851,4.222222222222223,10.666666666666668,1.7160493827160495,7.444444444444445
,,127.47910494308437,118.10271739130435,2.6111111111111116,10.666666666666668,1.8055555555555556,7.444444444444445
,,114.58903388278388,125.53811625076081,1.9206349206349207,7.444444444444445,5.296296296296297,13.88888888888889
,,115.41553398058252,114.4924722104967,7.444444444444445,13.88888888888889,3.577777777777778,13.88888888888889
,,122.64978839930296,115.39113707836471,7.4444444444444455,10.666666666666668,4.222222222222222,13.88888888888889
,,94.5881087854772,122.50904304029304,9.055555555555555,17.11111111111111,17.11111111111111,17.11111111111111
,,121.14879464350979,125.41278307097487,1.6444444444444444,7.444444444444445,6.37037037037037,17.11111111111111
,,135.54856900315303,120.9936743518571,1.6444444444444444,7.444444444444445,3.685185185185185,13.88888888888889
,,110.76011904761904,115.53369963369964,2.8412698412698414,13.88888888888889,5.511111111111111,13.88888888888889
,,112.43194633482403,120.48788129174413,3.1481481481481484,13.88888888888889,1.878787878787879,7.444444444444445
,,124.0942496229261,123.12093851132686,1.8055555555555554,7.444444444444445,13.88888888888889,13.88888888888889
,,115.3176980913823,130.9159963611989,4.222222222222222,17.11111111111111,5.027777777777778,13.88888888888889
,,113.82097715119106,126.59067780337942,1.9206349206349207,7.444444444444445,1.8787878787878787,7.444444444444445
,,122.27210751850409,125.38182612494539,17.11111111111111,17.11111111111111,1.7435897435897434,7.444444444444445
,,118.62950682931915,120.88691526919682,2.8412698412698414,13.88888888888889,1.878787878787879,7.444444444444445
,,114.08320003554607,123.68742671356998,15.5,17.11111111111111,17.11111111111111,17.11111111111111
,,113.98195039605245,122.49926666666667,3.3015873015873014,13.88888888888889,1.8055555555555556,7.444444444444445
,,100.7479353979354,119.62507051453342,3.3015873015873014,13.88888888888889,1.6444444444444444,7.444444444444445
,,111.64641102141103,126.70376275510205,3.1481481481481484,13.88888888888889,1.4296296296296296,7.444444444444445
,,107.31973463946927,127.62281994595922,3.685185185185185,13.88888888888889,1.6444444444444444,7.444444444444445
,,120.40040532715692,124.98415906127771,3.3015873015873014,13.88888888888889,6.37037037037037,13.88888888888889
,,110.70551629742806,132.30260492626803,13.88888888888889,13.88888888888889,4.222222222222222,13.88888888888889
,,110.67124746450304,128.61424221711303,3.013888888888889,13.88888888888889,1.5858585858585856,7.444444444444445
,,115.79972341145489,124.83144211433496,2.8412698412698414,13.88888888888889,5.027777777777778,13.88888888888889
,,125.96654185867895,134.8380379950628,1.537037037037037,7.444444444444445,1.7160493827160495,7.444444444444445
,,126.54315719837923,127.55383631713555,9.055555555555555,17.11111111111111,3.1481481481481484,13.88888888888889
,,118.72968214693567,138.3985273492286,2.8412698412698414,13.88888888888889,3.577777777777778,13.88888888888889
,,108.9204809648358,133.4349466776046,2.611111111111111,13.88888888888889,4.222222222222222,13.88888888888889
,,104.35907235015516,131.55356659905343,1.878787878787879,7.444444444444445,13.88888888888889,13.88888888888889
